passenger_id,name,country,loyalty_tier,registration_date
P00001,Craig Mcdonald,Saint Lucia,Silver,2021-09-22
P00002,James Moon,Gabon,Silver,2020-12-04
P00003,Devin Powell,Timor-Leste,Silver,2023-11-23
P00004,Jennifer Ortiz,Uruguay,Silver,2022-06-15
P00005,Brenda Neal,Sierra Leone,Silver,2019-03-09
P00006,Aaron Williams,Botswana,Platinum,2019-04-12
P00007,Timothy Sweeney,Israel,Gold,2023-02-27
P00008,Nancy Jenkins,Iraq,Silver,2022-08-20
P00009,Kathleen Warren,Afghanistan,Silver,2019-11-16
P00010,Dylan Cortez,Antarctica (the territory South of 60 deg S),Silver,2020-08-12
P00011,Pamela Owens,Kiribati,Silver,2021-07-13
P00012,Crystal King,Saudi Arabia,Silver,2019-10-05
P00013,Nathan Mills,Iraq,Gold,2024-09-04
P00014,Thomas Kennedy,Namibia,Silver,2022-07-02
P00015,Brittany Harper,Australia,Silver,2021-05-01
P00016,Dr. Lori Barber DVM,Saint Martin,Silver,2018-10-09
P00017,Denise Potts,Oman,Silver,2018-08-22
P00018,Brooke Martinez,Tokelau,Silver,2022-12-01
P00019,Ashley Clark,North Macedonia,Silver,2019-06-15
P00020,Erika Combs,Kiribati,Silver,2020-04-16
P00021,Richard Johnson,Lebanon,Gold,2024-01-21
P00022,Jason Ward,Canada,Silver,2022-07-21
P00023,Megan Gray,India,Platinum,2024-11-19
P00024,Hannah Williams,Grenada,Silver,2020-06-01
P00025,Mrs. Tina Strickland,Jordan,Silver,2018-01-12
P00026,Sarah James,Sao Tome and Principe,Gold,2019-02-01
P00027,Paula Hogan,Suriname,Silver,2024-04-25
P00028,Sierra Williams,Jordan,Silver,2022-06-09
P00029,Dwayne Gomez,Andorra,Silver,2022-11-01
P00030,Marilyn Robinson,Barbados,Gold,2018-02-14
P00031,Carlos Freeman,Burundi,Silver,2018-09-13
P00032,Jasmin Marshall,Tonga,Gold,2020-05-10
P00033,Austin Murphy,Belgium,Silver,2022-06-14
P00034,Eric Griffin,United Kingdom,Silver,2019-03-05
P00035,Anthony Garcia,Mauritius,Silver,2020-09-11
P00036,Kathryn Griffin,Philippines,Gold,2018-04-25
P00037,Kelly Farmer,Eritrea,Silver,2023-03-12
P00038,Beth Park,Malawi,Silver,2019-01-21
P00039,William Durham,Paraguay,Platinum,2018-10-12
P00040,Daniel Turner,Panama,Silver,2022-04-20
P00041,John Rhodes,Botswana,Silver,2024-02-11
P00042,Bryan Roberts,Finland,Platinum,2020-12-18
P00043,Angela Davis,Montenegro,Silver,2022-01-06
P00044,William Barrett,San Marino,Silver,2022-03-10
P00045,Carol Murphy,Albania,Silver,2018-01-13
P00046,Mark Lewis,Sudan,Silver,2023-01-06
P00047,Amanda Perez,Kazakhstan,Silver,2019-06-04
P00048,Laura Hunt,San Marino,Silver,2019-10-06
P00049,Christopher Hall,Turks and Caicos Islands,Silver,2024-04-22
P00050,Angela Clarke,Mongolia,Silver,2021-09-14
P00051,Douglas Smith,Palestinian Territory,Silver,2023-11-21
P00052,Nathan Adams,Sudan,Gold,2018-10-08
P00053,Heather Smith,Saint Vincent and the Grenadines,Silver,2023-07-26
P00054,Amanda Fletcher,Belarus,Gold,2019-10-08
P00055,Elizabeth Luna,El Salvador,Silver,2022-01-15
P00056,Eric White,United States Minor Outlying Islands,Silver,2021-07-21
P00057,Jennifer Woods,Sierra Leone,Silver,2024-09-28
P00058,Bobby Rodriguez,Korea,Gold,2020-08-16
P00059,Tracey Keller,Samoa,Silver,2020-04-10
P00060,Kimberly Thomas,Nepal,Gold,2024-03-18
P00061,Peter Ortiz,Somalia,Silver,2018-12-17
P00062,Susan Zhang,Cambodia,Silver,2024-08-10
P00063,Dr. Steven Logan Jr.,Fiji,Silver,2020-09-10
P00064,Kevin Dawson,Malaysia,Platinum,2024-02-17
P00065,Donald Stephens,Tunisia,Silver,2020-12-14
P00066,Rachel Davis,Korea,Gold,2024-07-08
P00067,Donna Rangel,Cook Islands,Gold,2024-07-14
P00068,Kathryn Galvan,Syrian Arab Republic,Silver,2021-04-16
P00069,Steven Bennett,Bangladesh,Silver,2019-09-22
P00070,Timothy Bell,Trinidad and Tobago,Silver,2021-08-26
P00071,Terry Sanchez,Lesotho,Silver,2023-10-19
P00072,Ricky Jacobson,Somalia,Silver,2021-03-28
P00073,Michael Flores,Guinea-Bissau,Gold,2019-03-04
P00074,Sophia Mccall,Congo,Silver,2018-04-18
P00075,Erica Silva,Grenada,Silver,2019-03-09
P00076,Susan Carney,Saudi Arabia,Silver,2021-02-20
P00077,George Mcclain,Anguilla,Platinum,2018-05-25
P00078,Glenda Rush,Mayotte,Gold,2024-07-08
P00079,Jared Rose,Guatemala,Silver,2023-11-05
P00080,Ashley Frank,Cook Islands,Silver,2024-10-16
P00081,Donna Garza,Iran,Silver,2022-01-07
P00082,Jason Pierce,Mayotte,Silver,2021-10-15
P00083,Maria Walters,Kazakhstan,Gold,2019-11-13
P00084,John Robertson,Poland,Gold,2023-08-01
P00085,Clinton Stanton,Luxembourg,Silver,2018-01-18
P00086,Craig Morris,Guernsey,Gold,2022-04-12
P00087,Tiffany Lopez,Guadeloupe,Silver,2018-02-20
P00088,Melanie Love,Zimbabwe,Gold,2024-06-09
P00089,Alan Villarreal,Eritrea,Silver,2018-10-02
P00090,Beverly Holland,Albania,Silver,2019-01-06
P00091,Brittany Jacobson,Hong Kong,Gold,2022-10-11
P00092,Steven Cochran,Ireland,Silver,2022-07-23
P00093,Kathryn Stevenson,Malta,Silver,2019-05-01
P00094,Jennifer Salas,Bolivia,Gold,2020-10-16
P00095,Katie Maxwell,Uganda,Silver,2022-02-06
P00096,Misty Logan,Canada,Silver,2020-05-09
P00097,Jerry Adams,Liberia,Gold,2021-03-21
P00098,Brett Brown,Tajikistan,Silver,2018-06-12
P00099,Anthony Coleman,Holy See (Vatican City State),Gold,2018-06-19
P00100,Jennifer Donaldson,Sao Tome and Principe,Gold,2021-08-24
P00101,Amanda Brown,Philippines,Platinum,2020-01-18
P00102,Jessica Martin,Turkey,Platinum,2019-12-01
P00103,James Hernandez,Vanuatu,Gold,2022-10-02
P00104,Kelly Brandt,Lebanon,Silver,2021-05-18
P00105,Tara Ruiz,Finland,Silver,2022-08-06
P00106,Zachary Olson,Bangladesh,Silver,2020-02-28
P00107,Stacey Howard,Hungary,Silver,2019-06-20
P00108,Mary Hicks,Czech Republic,Silver,2024-06-06
P00109,Robert Tran,Jordan,Silver,2019-08-19
P00110,Dustin Simmons,Slovenia,Silver,2019-02-19
P00111,Aaron Morris,New Caledonia,Silver,2022-05-06
P00112,Chad Sharp,Lao People's Democratic Republic,Silver,2021-11-04
P00113,Leslie Salazar,Palestinian Territory,Silver,2022-01-23
P00114,Katherine Gomez,Austria,Silver,2020-04-02
P00115,David Bush,Gabon,Silver,2023-06-26
P00116,Sherry Todd,Central African Republic,Gold,2020-03-25
P00117,Kent Salinas,Bouvet Island (Bouvetoya),Silver,2024-08-24
P00118,Dana Ward,Morocco,Silver,2021-02-25
P00119,Caleb Salazar,Kuwait,Silver,2022-03-26
P00120,Shelby Bond,North Macedonia,Platinum,2023-08-28
P00121,Melanie Bailey,Liberia,Silver,2019-03-12
P00122,Jade Murphy,Kyrgyz Republic,Gold,2018-07-04
P00123,Ana Mason,El Salvador,Silver,2018-09-04
P00124,Robert Lee,Tanzania,Gold,2019-08-21
P00125,Justin Williams,Ghana,Silver,2020-09-04
P00126,Brooke Davis,Guernsey,Silver,2018-05-14
P00127,Sarah Johnson,Slovenia,Gold,2021-10-04
P00128,Russell Harris,Bouvet Island (Bouvetoya),Gold,2022-12-04
P00129,Louis Perry,Oman,Silver,2019-12-08
P00130,Monica Zimmerman,Palau,Silver,2020-04-22
P00131,Zachary Wong,Japan,Silver,2020-03-09
P00132,Michael Sweeney,Monaco,Silver,2020-12-25
P00133,Ronald Gay,Iraq,Gold,2019-11-16
P00134,Tara Johnson,Montenegro,Silver,2024-06-08
P00135,Andrea Jimenez,Palestinian Territory,Silver,2023-06-17
P00136,Susan Curry,Kuwait,Silver,2021-07-28
P00137,Sydney White,Iceland,Silver,2023-12-14
P00138,Matthew Collins,United States Minor Outlying Islands,Silver,2023-03-23
P00139,James Becker,Malawi,Gold,2019-10-12
P00140,James Vance,Saint Pierre and Miquelon,Silver,2022-01-18
P00141,Christine Dawson,Kuwait,Silver,2018-10-26
P00142,Edward Griffith,Iceland,Silver,2019-02-21
P00143,Hannah Williams,Bahamas,Gold,2023-06-26
P00144,John Price,Italy,Silver,2020-05-22
P00145,Brittany White,Turkmenistan,Silver,2022-03-28
P00146,Joshua Davis,Dominica,Gold,2018-04-16
P00147,Jeffrey Thompson,Nepal,Silver,2022-01-28
P00148,Joseph Sanford,Iceland,Silver,2018-03-16
P00149,Angela Stewart,Maldives,Silver,2021-12-21
P00150,Cheryl Nash,Solomon Islands,Silver,2022-10-05
P00151,William Perry,Kyrgyz Republic,Platinum,2022-07-23
P00152,Hannah Reed,Myanmar,Gold,2021-10-01
P00153,Patrick Richardson,Iceland,Silver,2023-10-04
P00154,Tiffany Baker,Haiti,Silver,2020-06-15
P00155,Lisa Combs,Suriname,Silver,2021-10-02
P00156,Paul Saunders,Belgium,Gold,2020-04-09
P00157,Charles Owens,Suriname,Silver,2022-10-17
P00158,Joshua Wright,Costa Rica,Silver,2024-09-23
P00159,Harold Elliott,Samoa,Silver,2024-11-07
P00160,Candice Martin,Iran,Gold,2020-04-06
P00161,Crystal Yates,Guinea,Gold,2021-09-09
P00162,Jamie Riley,Solomon Islands,Gold,2018-07-07
P00163,Jill Harper,Guinea,Silver,2023-08-24
P00164,Christopher Hubbard,Niger,Silver,2022-11-21
P00165,Sara Castillo,Serbia,Gold,2020-09-07
P00166,James Adams,Angola,Silver,2024-11-05
P00167,Aaron Mullins,Costa Rica,Silver,2020-04-27
P00168,Jesus King,Mauritania,Gold,2024-12-23
P00169,Mr. Brian Cox,Tajikistan,Silver,2018-08-13
P00170,Amanda Solis,Bouvet Island (Bouvetoya),Silver,2018-02-28
P00171,Dr. Kenneth Lindsey DDS,Ghana,Silver,2021-01-03
P00172,Laurie Crawford MD,Uzbekistan,Silver,2023-07-16
P00173,Eric Hoover,Congo,Silver,2022-03-14
P00174,John Sanford,Antarctica (the territory South of 60 deg S),Silver,2023-07-09
P00175,Jennifer Marsh,Bermuda,Silver,2024-07-14
P00176,Donna Roman,Ireland,Platinum,2024-02-08
P00177,Laura Harris,Portugal,Silver,2019-09-22
P00178,Deborah White,Yemen,Silver,2021-06-20
P00179,Jose Stuart,Cote d'Ivoire,Silver,2021-04-18
P00180,Ruth Reed,Solomon Islands,Silver,2018-01-11
P00181,Tracey Hart,Monaco,Silver,2020-04-15
P00182,Carrie Underwood,United States Virgin Islands,Gold,2020-04-06
P00183,Tyler Khan,Mongolia,Silver,2021-05-16
P00184,Aaron Jones,Kiribati,Silver,2023-12-08
P00185,Holly Bailey,India,Silver,2024-03-10
P00186,Angela Wood,Taiwan,Silver,2019-01-25
P00187,Andrew Fields,Kyrgyz Republic,Gold,2019-12-19
P00188,Anita Peterson,Comoros,Silver,2024-07-24
P00189,Lee Salinas,Mexico,Silver,2022-11-13
P00190,Emily Medina,Czech Republic,Gold,2024-08-07
P00191,Jennifer Gibson,Philippines,Silver,2020-10-25
P00192,Natalie Rodriguez,New Caledonia,Platinum,2018-10-09
P00193,Jeanette Burke,Hong Kong,Silver,2018-08-01
P00194,Samantha Jones,Oman,Silver,2020-11-15
P00195,Clayton Schneider,Macao,Silver,2022-04-26
P00196,Julie Thompson,Norfolk Island,Silver,2023-08-10
P00197,Russell Knapp,Pakistan,Gold,2023-08-18
P00198,Claudia Johnson,Guernsey,Silver,2021-05-06
P00199,Melanie Weaver,Kyrgyz Republic,Gold,2021-07-15
P00200,Cesar Bradley,Uruguay,Gold,2024-01-28
P00201,Donald Carson,Sudan,Silver,2023-05-09
P00202,Paul Washington,Denmark,Silver,2023-09-18
P00203,Jessica Rodriguez,French Southern Territories,Silver,2021-01-24
P00204,Sierra Sullivan,Bhutan,Silver,2024-01-12
P00205,Amanda Guzman,Croatia,Silver,2020-11-10
P00206,Kari Warren,Reunion,Silver,2021-05-06
P00207,Ms. Donna Atkinson,Azerbaijan,Gold,2022-11-13
P00208,Gabriela Mclean,Chile,Gold,2019-04-24
P00209,Leslie Chavez,Anguilla,Silver,2024-12-22
P00210,Jacqueline Hernandez,Malawi,Gold,2024-02-24
P00211,David Dalton,Bosnia and Herzegovina,Silver,2018-08-23
P00212,Michael Miller,Belarus,Gold,2020-08-19
P00213,Megan York,Argentina,Silver,2019-06-26
P00214,Mark Mcintosh,Eritrea,Silver,2023-10-28
P00215,Michael Valdez,Uzbekistan,Gold,2020-09-01
P00216,Nancy Martin,Bolivia,Silver,2021-11-06
P00217,Jennifer Duncan MD,Palestinian Territory,Silver,2018-01-11
P00218,Michael Serrano,Mauritania,Gold,2023-09-20
P00219,Donna Smith,Colombia,Gold,2022-07-10
P00220,Rachel Adkins,Netherlands,Silver,2023-10-28
P00221,Nathan Cook,Portugal,Silver,2019-01-22
P00222,Sherry Barry,Guatemala,Silver,2019-01-21
P00223,Jo Martinez,Eritrea,Silver,2018-08-14
P00224,Kevin Johnson,Belgium,Silver,2024-02-25
P00225,Joseph Benjamin,Malta,Gold,2021-03-19
P00226,Michael Cole,Cameroon,Gold,2020-06-08
P00227,Tonya Herrera,Canada,Silver,2020-03-09
P00228,Cynthia Lin,Equatorial Guinea,Silver,2022-02-05
P00229,Michele Simpson MD,Libyan Arab Jamahiriya,Gold,2020-05-19
P00230,Dennis Martin,Congo,Silver,2022-09-27
P00231,Zachary Fuller,Grenada,Silver,2018-02-12
P00232,Ashley Farrell,Cote d'Ivoire,Silver,2019-02-16
P00233,Brianna Moran,Wallis and Futuna,Silver,2021-09-04
P00234,Karen Manning,Guam,Silver,2021-03-28
P00235,Ivan Howard,Netherlands Antilles,Silver,2018-11-19
P00236,Eric Rojas,Lao People's Democratic Republic,Gold,2023-07-19
P00237,Brittany King,Niger,Gold,2020-04-26
P00238,Robert Brooks,Norfolk Island,Silver,2020-11-23
P00239,Paul Walker,Kuwait,Silver,2023-02-05
P00240,Gina Brown,New Caledonia,Silver,2020-07-08
P00241,Bryan Garrett,Cocos (Keeling) Islands,Silver,2019-04-08
P00242,Christopher Powers,Gambia,Silver,2024-02-04
P00243,Nina Jones,Equatorial Guinea,Silver,2024-11-02
P00244,John Price,Mali,Silver,2023-11-03
P00245,Brian Jones,Morocco,Silver,2022-03-06
P00246,Stephanie Harris,Netherlands Antilles,Silver,2022-05-08
P00247,Megan Hamilton,United States Minor Outlying Islands,Silver,2021-01-17
P00248,Jenna Campbell,Greece,Silver,2019-01-16
P00249,Sylvia Morris,Korea,Silver,2023-06-13
P00250,William Mills,Nepal,Gold,2021-01-11
P00251,Jeffrey Woods,Australia,Silver,2022-09-06
P00252,Shane Mason,Wallis and Futuna,Gold,2018-02-03
P00253,Alexis Perkins,United Arab Emirates,Silver,2019-09-07
P00254,Mr. William Garcia,Swaziland,Gold,2022-07-17
P00255,Chris Krueger,Nepal,Silver,2018-08-24
P00256,Oscar Zimmerman,Egypt,Silver,2020-07-11
P00257,Colleen Stephens,Macao,Silver,2019-03-11
P00258,Elizabeth Roach,Cook Islands,Silver,2020-05-28
P00259,Jamie Brown,Macao,Gold,2023-04-26
P00260,Laura Wells,Tanzania,Silver,2023-01-08
P00261,Crystal Moyer,Moldova,Silver,2024-06-25
P00262,Stephanie Smith,Morocco,Silver,2018-07-24
P00263,Kathleen Flores,Saint Vincent and the Grenadines,Gold,2020-11-03
P00264,Steven Scott,Syrian Arab Republic,Silver,2023-06-12
P00265,Jack Cline,Latvia,Gold,2022-07-20
P00266,Mary Harris,Samoa,Gold,2019-11-19
P00267,Lisa Klein,Cayman Islands,Silver,2018-08-27
P00268,Desiree Mack,Haiti,Silver,2018-05-01
P00269,Sarah Shelton DDS,Taiwan,Gold,2021-07-15
P00270,Meredith Grant,Guadeloupe,Silver,2020-03-01
P00271,Casey Carr,Iran,Silver,2019-03-14
P00272,Jason Mckay,Madagascar,Silver,2019-02-15
P00273,Julie Smith,Libyan Arab Jamahiriya,Silver,2021-11-04
P00274,Paul Webb,Mozambique,Silver,2020-10-27
P00275,Jennifer Frederick,Grenada,Silver,2021-11-02
P00276,Mary Jones,Nauru,Silver,2024-04-23
P00277,Sara Love,Aruba,Gold,2023-09-03
P00278,Sara Williamson,Guyana,Silver,2022-01-17
P00279,David Riddle,Equatorial Guinea,Gold,2024-04-19
P00280,Jenny Davis,Seychelles,Gold,2022-10-18
P00281,Reginald Green,Wallis and Futuna,Silver,2022-11-02
P00282,Mark Green,Puerto Rico,Silver,2018-10-12
P00283,Sara Ramirez,Estonia,Silver,2018-01-15
P00284,Chloe Watkins,Namibia,Gold,2024-02-06
P00285,Alex Young,Somalia,Silver,2020-06-02
P00286,Walter Herring,Maldives,Gold,2019-08-19
P00287,Megan Vargas,Svalbard & Jan Mayen Islands,Silver,2018-09-25
P00288,Zachary Sosa,Romania,Silver,2024-12-25
P00289,Geoffrey Elliott,Ghana,Silver,2024-07-22
P00290,Alexander Petersen,Jamaica,Silver,2021-04-19
P00291,Susan Gonzalez,Cote d'Ivoire,Gold,2022-04-01
P00292,Teresa Sandoval,Puerto Rico,Silver,2020-01-23
P00293,Debra Smith,Mozambique,Gold,2023-12-08
P00294,Melanie Davila,Tanzania,Platinum,2024-10-06
P00295,Jenna Miller,Antarctica (the territory South of 60 deg S),Gold,2024-05-03
P00296,Christopher Kelly,Ecuador,Silver,2024-06-06
P00297,John Hancock,Italy,Silver,2022-06-19
P00298,Lori Williams,Belarus,Gold,2019-12-09
P00299,Lindsey Reeves,Iraq,Silver,2020-01-18
P00300,Rita Jackson,United Kingdom,Gold,2024-04-20
P00301,Melanie Mendez,Macao,Silver,2024-11-21
P00302,Ashley Brooks,Cote d'Ivoire,Silver,2021-07-02
P00303,John Ramirez,Morocco,Gold,2019-02-18
P00304,Jonathan Brown,Antarctica (the territory South of 60 deg S),Silver,2022-07-18
P00305,David Young,Grenada,Silver,2018-08-15
P00306,Holly Rivers,Greenland,Platinum,2024-02-03
P00307,Lori Marks,Western Sahara,Silver,2021-05-26
P00308,Victoria Simon,Cote d'Ivoire,Silver,2020-07-06
P00309,Jenny Keith,Belize,Gold,2018-04-16
P00310,Austin Walter,Djibouti,Silver,2022-03-02
P00311,Megan Becker,Kiribati,Silver,2022-10-11
P00312,Christopher Mays,Liechtenstein,Silver,2023-09-04
P00313,Vanessa Coleman,Lithuania,Silver,2023-09-27
P00314,Monica Mueller,Qatar,Silver,2022-02-03
P00315,Casey Thompson,Holy See (Vatican City State),Gold,2023-04-23
P00316,Pamela Rodriguez,Uzbekistan,Silver,2019-06-07
P00317,William Campbell,Iraq,Gold,2018-12-09
P00318,Samuel Wright,Bolivia,Gold,2021-11-22
P00319,Dean Miller,Guernsey,Silver,2019-08-19
P00320,Christopher Guerrero,South Georgia and the South Sandwich Islands,Silver,2024-04-04
P00321,Spencer Anderson,Nicaragua,Silver,2023-02-18
P00322,Christine Jordan,Belize,Silver,2022-06-11
P00323,Mary Hawkins,Peru,Platinum,2023-03-24
P00324,Sarah Owens,Cambodia,Silver,2024-09-01
P00325,Rebecca Walter,Vanuatu,Silver,2020-05-02
P00326,Tyler Stone,Pitcairn Islands,Silver,2023-06-13
P00327,Joseph Green,Lesotho,Silver,2018-05-12
P00328,Laura Garcia,Monaco,Silver,2022-08-20
P00329,Emma Gonzales,South Africa,Gold,2018-10-27
P00330,Megan Burke,Togo,Silver,2019-02-25
P00331,Alexis Williams,Portugal,Gold,2024-12-06
P00332,Christopher Schultz,Guernsey,Silver,2023-08-03
P00333,Elaine Wells,Belarus,Gold,2018-10-28
P00334,Jordan Richardson,Aruba,Gold,2023-01-20
P00335,Christine Phillips,Korea,Silver,2018-12-12
P00336,Nancy Thompson,Luxembourg,Silver,2019-08-11
P00337,Sarah Hall,Namibia,Silver,2023-10-03
P00338,Jennifer Hunter,Korea,Silver,2018-03-16
P00339,Christina Fields,Belize,Silver,2022-03-23
P00340,Karen Jackson,Greece,Silver,2022-08-12
P00341,Roberto Fuentes,Latvia,Silver,2020-05-21
P00342,Thomas Rivera,Serbia,Silver,2023-02-02
P00343,Marilyn Stephens,Montenegro,Silver,2024-03-04
P00344,Ann Estrada,Ecuador,Silver,2020-12-02
P00345,Elizabeth Jones,British Indian Ocean Territory (Chagos Archipelago),Silver,2020-06-15
P00346,Joseph Kane,Nigeria,Gold,2020-03-23
P00347,Joshua Miller,Zambia,Silver,2022-01-03
P00348,April Fowler,Nepal,Gold,2021-12-09
P00349,Robert Hardy,Korea,Platinum,2022-12-23
P00350,Virginia Williamson,United States Minor Outlying Islands,Gold,2024-05-26
P00351,Lindsay Rivera,Cote d'Ivoire,Silver,2021-09-09
P00352,Sandra Hansen,Guyana,Silver,2019-12-23
P00353,Susan Romero,Vietnam,Silver,2023-06-25
P00354,Melissa Walker,Bangladesh,Silver,2019-07-07
P00355,David Maddox,Senegal,Silver,2019-01-11
P00356,Kristina Johnson,Indonesia,Gold,2019-10-04
P00357,Maria Price,Uzbekistan,Silver,2019-04-27
P00358,Tiffany Hutchinson,Palau,Silver,2019-10-18
P00359,Robert Gillespie,France,Silver,2021-06-27
P00360,Christopher Harris,Turks and Caicos Islands,Gold,2024-08-27
P00361,Austin Jones,Chile,Platinum,2021-08-07
P00362,Timothy Walker,Honduras,Silver,2020-03-07
P00363,Eric Garcia,Somalia,Silver,2023-04-22
P00364,Andrew Hunter,Switzerland,Silver,2021-07-01
P00365,Cynthia Romero,Togo,Silver,2022-01-26
P00366,Miss Patricia Johnson,Zimbabwe,Silver,2024-12-17
P00367,Gregory Adams,Montenegro,Platinum,2022-08-10
P00368,Sarah Jensen,Brazil,Silver,2021-04-25
P00369,Andre King,Nauru,Silver,2023-10-28
P00370,Angela Russell,New Zealand,Silver,2022-07-21
P00371,Emily Williams,Sierra Leone,Silver,2019-10-21
P00372,Miranda Sweeney,Serbia,Silver,2018-09-28
P00373,Erin Merritt,Algeria,Silver,2024-04-04
P00374,Andrea Cooke,Tajikistan,Silver,2022-04-07
P00375,Katherine Bailey,French Polynesia,Silver,2023-06-08
P00376,Andrea Jones,American Samoa,Silver,2024-04-14
P00377,Michael Rodriguez,Slovakia (Slovak Republic),Silver,2019-11-20
P00378,Michael Reyes,Papua New Guinea,Silver,2019-01-21
P00379,Savannah Thompson,Algeria,Silver,2024-07-03
P00380,Alexandra Williams,British Indian Ocean Territory (Chagos Archipelago),Gold,2018-07-14
P00381,Kelly Delgado,Guatemala,Silver,2019-02-26
P00382,Larry Jones,South Georgia and the South Sandwich Islands,Gold,2018-10-19
P00383,James Jackson,Zimbabwe,Silver,2018-09-13
P00384,Derek Jones,Uruguay,Platinum,2020-07-19
P00385,Eric Hicks,South Africa,Gold,2018-10-16
P00386,Troy Weber,Armenia,Silver,2018-03-26
P00387,Jason Williams,Italy,Silver,2023-03-26
P00388,Ashley Lee,Guinea-Bissau,Gold,2020-02-25
P00389,Gregory Anthony,Iraq,Silver,2018-11-17
P00390,April Rogers,Taiwan,Silver,2018-08-09
P00391,Melissa Curtis,Mayotte,Gold,2021-08-26
P00392,Theodore Walker,Albania,Silver,2020-01-24
P00393,Amy Byrd,Madagascar,Platinum,2019-06-25
P00394,Madison Mckinney,South Georgia and the South Sandwich Islands,Gold,2024-01-11
P00395,Sandra Miller,Mexico,Silver,2020-09-28
P00396,Jeff Mitchell DDS,Tunisia,Silver,2019-09-25
P00397,Emily English,Portugal,Silver,2024-01-06
P00398,Lisa Randolph,Uruguay,Silver,2022-01-28
P00399,Anthony Hughes,Bangladesh,Silver,2023-10-07
P00400,William Shannon,Bouvet Island (Bouvetoya),Silver,2023-10-28
P00401,Stacey Mendez,Cocos (Keeling) Islands,Gold,2020-05-19
P00402,Tina Howard,Cuba,Platinum,2022-03-21
P00403,Robin Todd,Turkey,Silver,2023-02-14
P00404,Jennifer Miller,Lebanon,Silver,2019-10-22
P00405,Christine Santana,Jersey,Silver,2022-11-07
P00406,Kim Lewis,Zambia,Silver,2021-05-28
P00407,Henry Mason,Netherlands Antilles,Silver,2023-02-01
P00408,Jared Ruiz,Cote d'Ivoire,Silver,2020-04-04
P00409,Matthew Gillespie,Lithuania,Gold,2021-12-08
P00410,James Howard,Philippines,Silver,2023-04-08
P00411,Kimberly Mathews,Mexico,Silver,2020-05-22
P00412,Brandon Hernandez Jr.,Vietnam,Gold,2022-06-14
P00413,Helen Sanchez,Vietnam,Silver,2022-02-06
P00414,Mark Williams,Honduras,Gold,2023-06-11
P00415,Leah Porter,Saint Kitts and Nevis,Silver,2022-07-17
P00416,Taylor Adams,Kiribati,Silver,2021-10-21
P00417,Anthony Hayes,Tokelau,Silver,2018-08-14
P00418,Paul Myers,Colombia,Silver,2024-09-12
P00419,Leonard Price,Bulgaria,Silver,2018-10-08
P00420,John Moore,British Virgin Islands,Silver,2020-11-22
P00421,Michael Smith,Madagascar,Silver,2020-06-14
P00422,Tiffany Mathews,Netherlands,Silver,2019-06-06
P00423,Seth Logan,Bermuda,Silver,2024-11-12
P00424,Eric Hatfield,Hungary,Silver,2018-05-18
P00425,Frank Palmer,Palestinian Territory,Silver,2023-09-03
P00426,Michelle Curtis,Mozambique,Silver,2024-02-06
P00427,Cody Lynch,Djibouti,Silver,2023-02-22
P00428,Charles Cuevas,United States of America,Platinum,2018-03-23
P00429,Chad Morrison,Seychelles,Silver,2021-01-27
P00430,Christine Mason,Burundi,Silver,2019-01-10
P00431,Kimberly Nguyen,Afghanistan,Silver,2020-01-17
P00432,Christopher Mcdowell,Saint Vincent and the Grenadines,Silver,2018-06-20
P00433,Elizabeth Robertson,Chile,Silver,2019-09-26
P00434,Whitney Thomas,Guyana,Gold,2022-05-18
P00435,Linda Martinez,Mali,Silver,2019-12-09
P00436,Kaitlin Webb,Lao People's Democratic Republic,Silver,2019-01-08
P00437,Rachel Rose,Benin,Silver,2022-04-08
P00438,David Stewart,Mali,Silver,2023-05-27
P00439,Jamie Reyes,Cape Verde,Silver,2023-09-01
P00440,William Spencer,Marshall Islands,Silver,2024-04-11
P00441,Cameron Myers,Vietnam,Silver,2022-07-04
P00442,Heather Johnson,Canada,Silver,2023-08-25
P00443,Philip Perez,United States Virgin Islands,Silver,2021-10-19
P00444,Shirley Mcdonald,Estonia,Gold,2023-02-24
P00445,Tamara Preston,Barbados,Gold,2018-03-18
P00446,David Lloyd,Seychelles,Silver,2023-10-09
P00447,Toni Cook,Svalbard & Jan Mayen Islands,Silver,2019-08-06
P00448,Debra Williams,Eritrea,Gold,2022-12-06
P00449,Tara Lopez,Christmas Island,Silver,2018-05-10
P00450,Gabriel Flowers,Saint Lucia,Gold,2018-05-06
P00451,David Haas,Argentina,Silver,2021-01-14
P00452,Deborah Stone,San Marino,Silver,2019-10-04
P00453,Curtis Baker,Taiwan,Platinum,2022-04-04
P00454,Kimberly Morris,Pakistan,Silver,2020-08-19
P00455,Alexis Williamson,Palestinian Territory,Silver,2018-05-17
P00456,Ms. Ann Owens,Japan,Gold,2023-11-08
P00457,Mary Foster,Qatar,Silver,2022-10-25
P00458,Lucas Murphy DVM,Anguilla,Gold,2023-11-20
P00459,Autumn Strong,Cocos (Keeling) Islands,Silver,2023-02-03
P00460,Nancy Hall,Ethiopia,Silver,2020-01-23
P00461,Jeremy Smith,Qatar,Silver,2021-04-14
P00462,Todd Daniels,Guinea-Bissau,Silver,2020-10-10
P00463,Timothy Coleman,Guinea-Bissau,Silver,2018-05-21
P00464,David Weeks,Saint Kitts and Nevis,Silver,2019-05-26
P00465,Lisa Bryan,Singapore,Silver,2020-09-19
P00466,Joshua Golden,San Marino,Silver,2022-12-28
P00467,Aaron Richardson,Niue,Gold,2021-08-04
P00468,Brenda Moore,Panama,Silver,2018-10-16
P00469,Amanda Brooks,Latvia,Silver,2021-06-18
P00470,Jaime Gonzalez,Cote d'Ivoire,Gold,2023-04-20
P00471,Christopher Stephens,Switzerland,Platinum,2020-04-18
P00472,John Shaw,Niue,Gold,2018-03-19
P00473,Christopher Allen DDS,Liechtenstein,Silver,2022-12-06
P00474,Regina Martinez,Iceland,Platinum,2020-06-26
P00475,Jennifer Jenkins,Thailand,Gold,2024-12-25
P00476,Denise Johnston,Comoros,Gold,2021-06-11
P00477,Caitlin Taylor,Suriname,Silver,2019-07-24
P00478,Troy Barber,Saint Kitts and Nevis,Silver,2024-01-04
P00479,Anne Hansen,Cameroon,Silver,2019-09-22
P00480,Michael Alvarez,Taiwan,Silver,2020-12-11
P00481,Jennifer Bishop,Somalia,Gold,2023-06-08
P00482,Christine Cooke,French Guiana,Gold,2024-04-12
P00483,Erik Little,El Salvador,Silver,2020-02-23
P00484,Maria Cruz,Puerto Rico,Silver,2019-01-24
P00485,Adam Ho,Chad,Silver,2018-10-24
P00486,Edward Pacheco,Singapore,Silver,2023-11-12
P00487,Rebecca Peterson,Guinea-Bissau,Silver,2024-07-02
P00488,Susan Wells,Morocco,Gold,2024-11-02
P00489,Kimberly Moore,Uganda,Silver,2023-06-17
P00490,Taylor Byrd,Jordan,Silver,2018-06-13
P00491,Diana Pruitt,Nigeria,Silver,2018-11-08
P00492,Ann Adams,Brunei Darussalam,Silver,2021-02-27
P00493,Melissa Jackson,Cayman Islands,Silver,2021-10-09
P00494,Joshua Drake,Kenya,Silver,2023-11-03
P00495,Jeffrey Bailey,Togo,Silver,2023-07-09
P00496,David Johnson,Saint Pierre and Miquelon,Platinum,2018-06-15
P00497,Sheila Allen,Saint Pierre and Miquelon,Silver,2024-07-19
P00498,Brent Cox,British Indian Ocean Territory (Chagos Archipelago),Silver,2019-03-03
P00499,Jennifer Horton,Bangladesh,Silver,2023-09-06
P00500,Nichole Herrera,Somalia,Gold,2023-08-20
P00501,Charles Williams,Iran,Silver,2022-11-27
P00502,Amanda Pierce,Venezuela,Gold,2020-06-05
P00503,David Campbell,Haiti,Silver,2020-03-19
P00504,Thomas Fernandez MD,Antigua and Barbuda,Silver,2021-12-15
P00505,Christopher Mayer,Morocco,Silver,2023-07-18
P00506,Jessica Porter,Pakistan,Gold,2023-01-24
P00507,Alexander Jones,Christmas Island,Silver,2024-05-12
P00508,Crystal Lambert,Saint Lucia,Gold,2019-11-17
P00509,Michelle Robinson,Qatar,Silver,2018-05-06
P00510,Justin Huber,Sri Lanka,Silver,2018-02-08
P00511,Jonathan Cervantes,Ghana,Silver,2020-07-21
P00512,Mark Willis,Costa Rica,Gold,2023-12-11
P00513,Sylvia Smith,Mauritius,Silver,2023-04-04
P00514,Derek Sanders,San Marino,Gold,2019-10-02
P00515,April Smith,Liechtenstein,Gold,2021-10-28
P00516,Nancy Yang,Nepal,Silver,2023-07-26
P00517,Tara Riggs,Micronesia,Silver,2021-11-07
P00518,Bradley Franklin,Seychelles,Silver,2021-11-05
P00519,Abigail Harmon,Micronesia,Silver,2019-08-12
P00520,Joel Owens,Tokelau,Silver,2020-02-15
P00521,Christopher Underwood,Sri Lanka,Silver,2020-08-24
P00522,Eric Grant,Austria,Silver,2024-05-01
P00523,Samantha Rodgers,Martinique,Silver,2018-11-21
P00524,Mark Downs,Sweden,Platinum,2021-09-03
P00525,Lori Flores,Bermuda,Silver,2021-10-15
P00526,Eric Delgado,United States Minor Outlying Islands,Gold,2022-09-16
P00527,Gregory Peterson,Bulgaria,Platinum,2023-06-20
P00528,Tammy Moore,Venezuela,Silver,2018-08-25
P00529,Gregory Moore,South Africa,Platinum,2019-09-03
P00530,Austin Warner,Palau,Silver,2018-05-03
P00531,Kyle Brown,Brunei Darussalam,Silver,2024-02-12
P00532,Stacey Peterson,Saint Vincent and the Grenadines,Silver,2019-09-25
P00533,Sheri Williams,Tunisia,Silver,2023-08-20
P00534,Kayla Miller,Saint Martin,Silver,2021-05-23
P00535,Vanessa Thornton,Mauritius,Gold,2018-02-15
P00536,Daniel Li,Kazakhstan,Silver,2020-08-16
P00537,Elizabeth Black,Burundi,Silver,2021-09-22
P00538,Aaron Evans,Poland,Silver,2022-12-09
P00539,Joshua Carrillo,Guyana,Gold,2019-06-22
P00540,Jennifer Holmes,Solomon Islands,Silver,2023-03-27
P00541,Amy Flynn,Zimbabwe,Silver,2019-08-12
P00542,Paul Gonzalez,Gibraltar,Silver,2019-06-24
P00543,John Pennington,Philippines,Silver,2019-10-09
P00544,Kayla Chavez,American Samoa,Silver,2022-02-02
P00545,Ashley Walker,Norway,Silver,2019-06-05
P00546,Robin Davis,Moldova,Silver,2024-08-08
P00547,Nicholas Jackson,Western Sahara,Gold,2021-08-08
P00548,Lori Nichols,Azerbaijan,Silver,2023-02-25
P00549,Corey Hanson,Anguilla,Silver,2022-07-24
P00550,Paul English,Sri Lanka,Silver,2023-10-27
P00551,Michael Garcia,Ukraine,Silver,2020-01-28
P00552,Alex Butler,Moldova,Silver,2021-11-07
P00553,Tiffany Long,Cayman Islands,Silver,2019-08-07
P00554,Leslie Ortiz,Uzbekistan,Silver,2021-11-14
P00555,Shelley Morgan,Kiribati,Silver,2021-06-13
P00556,Tyler Gray,Korea,Silver,2023-11-24
P00557,Jennifer Mcdonald,Bangladesh,Silver,2021-09-12
P00558,Angela Price,French Polynesia,Silver,2020-03-04
P00559,Cory Richardson,China,Silver,2022-02-06
P00560,Michael Evans,Isle of Man,Gold,2020-08-26
P00561,Victoria Young,Belgium,Silver,2024-04-22
P00562,Alejandro Bush,Iraq,Silver,2023-01-22
P00563,Alexis Thomas,Poland,Gold,2024-05-17
P00564,Gary Page,Gabon,Silver,2024-02-25
P00565,Cody Wright,Mozambique,Silver,2019-03-15
P00566,Elizabeth Foley,Iraq,Gold,2018-10-06
P00567,Rebecca Keith,Saint Pierre and Miquelon,Gold,2019-04-14
P00568,Ryan Evans,French Polynesia,Silver,2023-03-13
P00569,Rachel Young,Korea,Silver,2020-12-03
P00570,Traci Williams,Angola,Gold,2024-11-04
P00571,Carmen Oconnor,Turkmenistan,Gold,2019-05-22
P00572,Anthony Morales,Gambia,Gold,2019-10-13
P00573,Dana Smith,Mauritius,Gold,2024-02-09
P00574,Amy Willis,Wallis and Futuna,Gold,2018-05-19
P00575,Dennis Ramirez,Congo,Silver,2024-03-18
P00576,Dana Gonzalez,Equatorial Guinea,Silver,2020-11-19
P00577,Sara Williamson,China,Silver,2019-12-21
P00578,Nicole Berger,Morocco,Silver,2024-06-06
P00579,Michelle Jones,Swaziland,Gold,2018-10-19
P00580,Casey Hoover,France,Silver,2018-10-27
P00581,Christina Nguyen,Greece,Platinum,2019-12-09
P00582,Joseph Bryant,Singapore,Gold,2019-11-03
P00583,Misty Dalton,Costa Rica,Gold,2022-08-20
P00584,Timothy Gonzalez,Latvia,Silver,2024-07-28
P00585,Julia Love,France,Silver,2019-07-06
P00586,Nancy Tucker,Iraq,Silver,2023-03-01
P00587,Carol Diaz,Madagascar,Gold,2023-12-01
P00588,Bradley Stokes,South Africa,Silver,2021-09-07
P00589,Lori Santiago,Guinea-Bissau,Silver,2019-12-13
P00590,Justin Fitzgerald,Malta,Silver,2024-06-14
P00591,Melissa Stewart,Cocos (Keeling) Islands,Silver,2021-07-02
P00592,Peter Johnson,France,Silver,2022-05-16
P00593,Stephanie Reed,American Samoa,Gold,2019-09-15
P00594,Thomas Harmon,Grenada,Gold,2019-11-12
P00595,Matthew Freeman,Jordan,Silver,2022-11-27
P00596,Jeffrey Velasquez,Taiwan,Silver,2022-01-25
P00597,Anthony Wyatt,Anguilla,Gold,2020-05-03
P00598,Melissa Dunn,Maldives,Gold,2018-03-11
P00599,Christopher Murray,Burundi,Silver,2024-06-08
P00600,John Wolfe,Albania,Silver,2022-04-06
P00601,Barbara Martinez,Zimbabwe,Silver,2020-05-25
P00602,Michael Dillon,Gibraltar,Gold,2024-01-25
P00603,Elizabeth Anderson,Uganda,Silver,2019-08-13
P00604,David Dudley,Estonia,Silver,2022-01-18
P00605,Andrew Williams,Mexico,Silver,2020-09-04
P00606,Jessica Hurley,Falkland Islands (Malvinas),Silver,2024-02-13
P00607,Beth Gibson,South Africa,Silver,2024-06-20
P00608,Alicia Steele,Myanmar,Silver,2021-07-02
P00609,Harold Diaz,Svalbard & Jan Mayen Islands,Silver,2022-04-23
P00610,Susan Hurley,Tuvalu,Silver,2021-01-20
P00611,Sheri Smith,Egypt,Silver,2022-09-15
P00612,Christopher Sanchez,Bhutan,Silver,2020-03-05
P00613,Lorraine Brock,Seychelles,Silver,2018-10-26
P00614,Austin Ballard,Iceland,Silver,2019-05-17
P00615,Virginia Nash,Andorra,Silver,2023-05-12
P00616,Michele Rowe,Monaco,Silver,2024-01-13
P00617,Timothy Gutierrez,Portugal,Gold,2019-11-14
P00618,Amy Stout,Korea,Silver,2024-02-23
P00619,Carl Mack,Guinea-Bissau,Silver,2022-12-25
P00620,Jill Robertson,British Virgin Islands,Silver,2022-08-11
P00621,Suzanne Matthews,Saint Barthelemy,Silver,2023-06-17
P00622,Michael Stephens,Eritrea,Silver,2023-03-08
P00623,Jeremy Mosley,Portugal,Gold,2022-12-28
P00624,Mark Long,Czech Republic,Gold,2019-06-02
P00625,Nicholas Friedman,Mauritania,Silver,2021-11-21
P00626,Matthew Green,Saint Barthelemy,Platinum,2021-03-21
P00627,Victoria Johnson,Egypt,Silver,2024-02-04
P00628,Patrick Miller,United Kingdom,Silver,2024-01-06
P00629,Shelly Moore,Slovakia (Slovak Republic),Silver,2021-12-23
P00630,Kathryn Hutchinson,French Southern Territories,Silver,2020-05-14
P00631,Tyler Brown,Kyrgyz Republic,Silver,2023-01-26
P00632,Jason Poole,Equatorial Guinea,Silver,2022-09-01
P00633,Randy Wilson,Italy,Silver,2024-07-03
P00634,Harry Fleming,France,Silver,2020-09-25
P00635,Anne Valentine,Korea,Gold,2021-11-08
P00636,Nathan Roberts,Angola,Silver,2021-02-09
P00637,Joshua Hendricks,Austria,Silver,2024-05-28
P00638,Alyssa Castillo,Nepal,Silver,2024-01-21
P00639,Peter Lam,Saint Martin,Silver,2022-11-23
P00640,Jesse Skinner,Svalbard & Jan Mayen Islands,Gold,2024-11-16
P00641,Linda Carter,Mali,Silver,2018-11-02
P00642,Taylor Garrett,Samoa,Gold,2019-04-04
P00643,Jonathon Horn,Ethiopia,Silver,2019-03-23
P00644,Diana Wilson,Croatia,Gold,2021-12-18
P00645,Pamela Swanson,Antarctica (the territory South of 60 deg S),Silver,2019-08-13
P00646,Mrs. Shannon Contreras,Belarus,Silver,2018-05-22
P00647,Steven Briggs,Ukraine,Silver,2023-10-05
P00648,Laura Palmer,Burundi,Gold,2023-06-06
P00649,Lisa Sanchez,Zimbabwe,Silver,2021-07-09
P00650,Sarah Smith,Nauru,Silver,2019-05-25
P00651,Amber Moss,Haiti,Silver,2018-01-23
P00652,Cynthia Phillips,Comoros,Silver,2023-04-03
P00653,Christopher Ferguson,New Zealand,Gold,2022-07-21
P00654,Brittney Smith,Malaysia,Gold,2024-08-18
P00655,Matthew Santana,Madagascar,Silver,2018-10-16
P00656,Angela Mayer,Lao People's Democratic Republic,Silver,2019-05-01
P00657,Laura Mcknight,Venezuela,Silver,2020-01-21
P00658,Lawrence Stewart,Guam,Silver,2023-02-15
P00659,Mr. David Long,Northern Mariana Islands,Gold,2024-06-23
P00660,Bonnie Reyes,Libyan Arab Jamahiriya,Silver,2022-11-23
P00661,Becky White,Norway,Gold,2023-10-17
P00662,Christopher Hansen,Saudi Arabia,Gold,2022-11-13
P00663,David Holland,United States Virgin Islands,Silver,2020-12-04
P00664,Elizabeth Gray,Chile,Gold,2019-08-08
P00665,Monica Myers,Belgium,Silver,2023-05-16
P00666,Alison Gray,Vanuatu,Silver,2021-07-08
P00667,Karen Ruiz,Zimbabwe,Silver,2023-06-03
P00668,Christina Black,Denmark,Silver,2024-11-05
P00669,Alexander Kelly,Central African Republic,Gold,2023-06-27
P00670,Kathleen Gallagher,Tonga,Silver,2019-01-18
P00671,Laura Reyes,Cayman Islands,Gold,2021-05-22
P00672,Kristen Ward,Egypt,Silver,2020-07-01
P00673,Christopher King,Armenia,Silver,2020-05-10
P00674,Madison Willis,Samoa,Silver,2020-03-24
P00675,John Morris,Russian Federation,Silver,2023-03-26
P00676,Charles Howard,Greenland,Silver,2022-04-02
P00677,Stacy Brown,Equatorial Guinea,Silver,2022-07-16
P00678,Jill Smith,Gambia,Silver,2019-09-07
P00679,Sarah Beck,Oman,Silver,2019-04-25
P00680,Robert Casey,Cayman Islands,Silver,2018-09-05
P00681,Natalie Anderson,Syrian Arab Republic,Silver,2018-06-23
P00682,Daniel Bennett,China,Gold,2020-04-15
P00683,Emily Harrell,Bouvet Island (Bouvetoya),Silver,2021-08-07
P00684,Katherine Bennett,Kyrgyz Republic,Silver,2021-02-14
P00685,Jessica Chavez,Christmas Island,Silver,2024-11-22
P00686,Richard Chavez,Italy,Silver,2021-08-01
P00687,Hunter Lopez,Mexico,Silver,2023-09-22
P00688,Jermaine Garner,Iraq,Gold,2018-04-27
P00689,William Jackson,United Kingdom,Platinum,2019-03-13
P00690,Thomas Cervantes,Pitcairn Islands,Gold,2021-10-03
P00691,Jeremy Roberts,Maldives,Silver,2023-09-06
P00692,Kristine Riggs,Turkmenistan,Silver,2023-06-09
P00693,Deanna Reid,Bosnia and Herzegovina,Silver,2019-02-16
P00694,Anthony Nash,Indonesia,Silver,2024-04-17
P00695,Michael Wilson,Mexico,Gold,2020-06-11
P00696,Jennifer Brown,Micronesia,Silver,2023-01-14
P00697,Brandon Kelley,Czech Republic,Silver,2019-11-02
P00698,Amy Fisher,Niger,Gold,2023-05-08
P00699,Lauren Salazar,Gibraltar,Silver,2022-10-05
P00700,Michael Mitchell,Pitcairn Islands,Silver,2021-06-13
P00701,Blake Daniels,Congo,Silver,2023-02-04
P00702,Glen Brown,Hungary,Silver,2020-10-05
P00703,Jeremy Hurst,Bermuda,Silver,2023-05-28
P00704,Jeffrey May,Canada,Gold,2024-08-11
P00705,Michelle Morris,United States Minor Outlying Islands,Gold,2018-02-21
P00706,Paul Stark,Saint Lucia,Silver,2021-06-11
P00707,Cynthia Rogers,Azerbaijan,Gold,2021-09-26
P00708,Pamela Leach,Tonga,Gold,2019-10-28
P00709,Noah Chang,Micronesia,Platinum,2024-03-18
P00710,Sara Shah,Maldives,Gold,2021-02-02
P00711,Mark Martinez,Greenland,Gold,2021-11-04
P00712,John Owen,Turkey,Silver,2018-05-15
P00713,Kristina Coleman,Uruguay,Silver,2018-11-03
P00714,Jasmine Murray,Hungary,Silver,2023-12-04
P00715,Keith Koch,Anguilla,Silver,2022-08-28
P00716,Brittany Garner,Belarus,Silver,2021-08-10
P00717,Dylan Brewer,Cayman Islands,Platinum,2021-09-16
P00718,Mark Davis,Brazil,Gold,2019-10-22
P00719,Denise Moore,Heard Island and McDonald Islands,Silver,2018-09-23
P00720,Michael Morris,South Africa,Silver,2023-10-10
P00721,Angela Campbell,Ukraine,Silver,2018-08-11
P00722,Mary Watson,Benin,Silver,2023-09-27
P00723,Melissa Weiss,Estonia,Platinum,2019-05-11
P00724,Melissa Howe,Belize,Silver,2022-11-12
P00725,Sherry Cummings,Uganda,Gold,2023-07-06
P00726,Jessica Richardson,Belarus,Silver,2018-11-23
P00727,Alex Trujillo,Costa Rica,Silver,2019-05-17
P00728,Ryan Sanchez,Greenland,Silver,2018-09-26
P00729,Robert Munoz,Bhutan,Gold,2023-10-03
P00730,Holly Peterson,China,Silver,2020-04-21
P00731,Hannah Davis,Eritrea,Platinum,2024-09-17
P00732,Jonathan Steele,Moldova,Silver,2024-12-15
P00733,Robyn Holmes,Pitcairn Islands,Silver,2023-08-20
P00734,Clinton Moore,Armenia,Silver,2022-12-20
P00735,Nathaniel Martin,Northern Mariana Islands,Silver,2023-04-28
P00736,Janet Lee,Jordan,Silver,2018-01-12
P00737,Tiffany Stewart,South Georgia and the South Sandwich Islands,Silver,2019-02-03
P00738,Jeffery Sanders,Sao Tome and Principe,Gold,2019-01-05
P00739,Natasha Mcdaniel,Guernsey,Silver,2024-10-25
P00740,Andrew Jennings,Jordan,Silver,2018-05-01
P00741,Karen Yoder,Nepal,Silver,2022-02-13
P00742,Wanda Hayes,Yemen,Silver,2022-04-04
P00743,Mary Jones,Italy,Silver,2018-09-19
P00744,Shane Lowe,Nauru,Gold,2023-12-02
P00745,Sabrina Stark,Colombia,Silver,2024-04-14
P00746,Katie Miller,Czech Republic,Silver,2019-07-25
P00747,Jeff Clements II,Northern Mariana Islands,Silver,2018-05-17
P00748,Michelle Miller,Israel,Gold,2020-12-13
P00749,Brandon Farmer,Trinidad and Tobago,Gold,2019-03-19
P00750,Cynthia Garcia,Gambia,Silver,2018-03-06
P00751,Matthew Ross,Jamaica,Gold,2022-05-14
P00752,Megan Cobb,Kiribati,Gold,2023-11-05
P00753,Robert Marshall,Cuba,Silver,2022-03-03
P00754,Gregory Campbell,Guam,Gold,2019-02-02
P00755,Jeanne Castro,Albania,Silver,2018-07-16
P00756,John Vargas,Saint Kitts and Nevis,Gold,2020-02-21
P00757,Manuel Anthony,North Macedonia,Silver,2021-11-17
P00758,Michael Salas,Guernsey,Silver,2024-07-09
P00759,Edward Pena,Saint Kitts and Nevis,Silver,2023-11-03
P00760,Kim Richardson,Peru,Silver,2020-11-27
P00761,Kyle Lee,Oman,Silver,2019-11-16
P00762,Donna Hernandez,Nauru,Silver,2018-12-28
P00763,Kristina Knox,Vanuatu,Silver,2022-07-01
P00764,Amber Hall,Hong Kong,Gold,2019-03-13
P00765,Brandon Wyatt,Andorra,Silver,2018-10-23
P00766,Adam Alvarez,Azerbaijan,Silver,2019-05-05
P00767,Jeff Howard,Belize,Silver,2018-11-17
P00768,Joseph Pham,Ecuador,Silver,2022-11-06
P00769,Kristina Gonzales,Faroe Islands,Silver,2024-08-06
P00770,Christopher Romero,Nepal,Gold,2024-12-01
P00771,Eddie Diaz,Ethiopia,Silver,2020-01-02
P00772,Tiffany Hill,Lao People's Democratic Republic,Silver,2024-02-10
P00773,Kyle Schroeder,Uruguay,Gold,2018-05-16
P00774,Linda Jackson,Qatar,Silver,2018-02-23
P00775,Jamie Lee,Montserrat,Silver,2021-07-24
P00776,Ryan Chen,Oman,Silver,2022-02-23
P00777,Jason Russo,Oman,Silver,2021-10-18
P00778,Craig White,United Arab Emirates,Silver,2020-08-15
P00779,Jimmy Browning,Brunei Darussalam,Platinum,2020-11-12
P00780,Richard Santos,Chile,Silver,2019-10-17
P00781,Maria Dean,Armenia,Silver,2018-09-04
P00782,Jennifer Crawford,Greenland,Silver,2019-07-26
P00783,Jeffrey Watson,Macao,Silver,2021-02-12
P00784,Jeremiah Kennedy,Korea,Silver,2018-03-15
P00785,Nathan Bennett,South Georgia and the South Sandwich Islands,Silver,2021-05-17
P00786,Allison Henry,Botswana,Gold,2024-07-14
P00787,Kevin Walsh,Cuba,Silver,2024-01-27
P00788,Peggy Williams,Malaysia,Silver,2019-02-28
P00789,Harold Barber,Swaziland,Silver,2018-08-26
P00790,James Jenkins,Qatar,Silver,2020-11-08
P00791,Ryan Wallace,Guatemala,Silver,2018-12-26
P00792,David Harris,Liberia,Silver,2024-11-26
P00793,Stephen Watts,Eritrea,Silver,2018-10-17
P00794,Richard Hampton,Germany,Silver,2022-03-04
P00795,Thomas Thompson,Martinique,Gold,2023-04-20
P00796,James Allen,Guinea-Bissau,Silver,2023-04-11
P00797,Albert Stone,Belarus,Silver,2023-04-18
P00798,Dana Carr,Libyan Arab Jamahiriya,Silver,2018-09-25
P00799,Joan Keller,Bosnia and Herzegovina,Silver,2021-05-19
P00800,Amy Case,Reunion,Silver,2018-07-09
P00801,Joseph Schneider,Russian Federation,Gold,2019-03-15
P00802,Kenneth Martinez,Holy See (Vatican City State),Silver,2019-04-03
P00803,Joshua Smith,Venezuela,Silver,2024-07-21
P00804,Jeffrey Hammond,Cyprus,Silver,2021-04-12
P00805,Michelle Carroll,Honduras,Silver,2024-02-15
P00806,Margaret Collins,Poland,Gold,2019-04-21
P00807,Melvin Brown,Cameroon,Silver,2024-02-24
P00808,Rebecca Nash,Croatia,Platinum,2019-09-25
P00809,Austin Scott,Indonesia,Silver,2019-02-20
P00810,Derek Baker,Jordan,Silver,2018-07-24
P00811,Amanda Hughes,United Arab Emirates,Silver,2023-09-28
P00812,Christine Thomas,Pakistan,Gold,2021-11-11
P00813,Veronica Thompson,Grenada,Silver,2020-05-11
P00814,Michael Kirby,Trinidad and Tobago,Gold,2024-06-02
P00815,Ashley Ramirez,Algeria,Gold,2023-09-08
P00816,Heather Gray,Congo,Gold,2021-09-17
P00817,Robert Lawrence MD,Antarctica (the territory South of 60 deg S),Gold,2024-03-12
P00818,Suzanne Frost,Timor-Leste,Silver,2021-10-01
P00819,Alexander Thompson,Saint Vincent and the Grenadines,Gold,2024-11-08
P00820,Donald Salazar,Armenia,Silver,2022-09-05
P00821,Brandon Haynes,Antarctica (the territory South of 60 deg S),Silver,2024-10-23
P00822,Jennifer Thomas,Lithuania,Silver,2020-01-02
P00823,Mary Smith,Italy,Silver,2018-04-10
P00824,Cynthia Hopkins,Mauritius,Silver,2019-06-18
P00825,Natasha Landry,Gabon,Silver,2023-06-19
P00826,Douglas Richmond,Montserrat,Silver,2018-09-06
P00827,Jerry Pearson,Bolivia,Silver,2024-02-01
P00828,David Rodriguez,Singapore,Silver,2022-02-05
P00829,Jessica Reyes,Saint Pierre and Miquelon,Silver,2022-05-12
P00830,Amanda Jackson,Thailand,Silver,2022-09-03
P00831,Larry Perez,Sri Lanka,Gold,2018-05-14
P00832,Amanda Bray,Bulgaria,Gold,2021-05-09
P00833,Sara Evans,Bhutan,Silver,2023-07-26
P00834,Rodney Nelson,Central African Republic,Silver,2022-09-05
P00835,Diane Colon,Afghanistan,Platinum,2022-09-04
P00836,Jessica Nelson,Luxembourg,Silver,2021-10-09
P00837,Daniel Ross,Madagascar,Gold,2018-04-14
P00838,Tammy Bennett,Gabon,Gold,2018-03-10
P00839,Jessica Parker,Bouvet Island (Bouvetoya),Silver,2018-04-20
P00840,Terry Salazar,Equatorial Guinea,Gold,2018-08-05
P00841,Nancy Boyd,Gambia,Silver,2020-07-22
P00842,Courtney Atkinson,Samoa,Silver,2021-07-07
P00843,Jeanette Williams,Monaco,Gold,2020-04-12
P00844,Dr. Tamara Watkins,Cuba,Silver,2023-11-17
P00845,Cathy Jordan,Ghana,Silver,2018-04-12
P00846,William Navarro,Faroe Islands,Gold,2018-08-23
P00847,Steve Lamb,Mozambique,Silver,2022-03-08
P00848,Robert Blanchard,Brazil,Silver,2019-12-06
P00849,Christopher Lewis,Namibia,Gold,2019-08-19
P00850,Patrick Hall,Kiribati,Silver,2023-12-07
P00851,Andrew Vance,Saint Helena,Silver,2019-03-15
P00852,Norma Ortiz,Saint Martin,Silver,2022-11-28
P00853,Vanessa Vega,Lithuania,Gold,2018-07-16
P00854,Jeffrey Rivera,Suriname,Silver,2021-10-14
P00855,Veronica Montgomery,Haiti,Silver,2018-03-16
P00856,Gene Boyd,Djibouti,Silver,2023-05-01
P00857,James Strickland,Cyprus,Gold,2023-01-07
P00858,Katherine Taylor,Cyprus,Silver,2018-02-14
P00859,Timothy Booth,Gibraltar,Silver,2018-12-28
P00860,Alice Brown,Malawi,Silver,2018-08-05
P00861,Calvin Sparks,Thailand,Silver,2024-03-23
P00862,Christian Sullivan,Bahamas,Platinum,2021-11-16
P00863,Denise Holmes,Vanuatu,Silver,2018-03-09
P00864,James Key,Senegal,Gold,2024-04-28
P00865,Andrew Anderson,Cameroon,Silver,2021-02-09
P00866,Michael Dixon,Syrian Arab Republic,Silver,2020-12-25
P00867,Paul Alvarez,Pitcairn Islands,Gold,2024-08-23
P00868,David Zavala,Sweden,Silver,2020-10-07
P00869,Cynthia Molina,Cambodia,Silver,2020-12-01
P00870,John Taylor,Korea,Silver,2022-10-18
P00871,Holly Barnett,Tokelau,Silver,2024-10-18
P00872,Timothy Mcclure,San Marino,Silver,2019-07-11
P00873,Jonathan Huerta,Jersey,Silver,2019-05-23
P00874,Louis Williams,Guadeloupe,Gold,2024-02-06
P00875,Dr. Misty Ibarra,Albania,Gold,2018-02-16
P00876,Melissa Jennings,Svalbard & Jan Mayen Islands,Silver,2022-01-15
P00877,Melissa Sanders,Kenya,Silver,2018-02-12
P00878,Heather Gilbert,Tokelau,Silver,2024-10-07
P00879,Dawn Luna,Saint Helena,Silver,2021-01-26
P00880,Kevin Trevino,British Virgin Islands,Gold,2018-12-12
P00881,Bradley Stokes,Palau,Gold,2022-03-10
P00882,Leslie Mcdonald,Gambia,Silver,2023-02-24
P00883,David Marks,Mauritania,Silver,2021-05-25
P00884,Tara Mays,Belize,Silver,2020-10-03
P00885,Lucas Stanley,Montenegro,Silver,2023-05-07
P00886,Nicholas Ortiz,Micronesia,Silver,2020-01-03
P00887,Jason Kelly,Algeria,Silver,2019-09-04
P00888,Martha Choi,Pakistan,Silver,2023-12-21
P00889,Sandra Castro,Belize,Silver,2021-02-04
P00890,Briana Conway,Belarus,Silver,2024-05-14
P00891,John Kaiser,Morocco,Silver,2021-08-24
P00892,Mitchell Floyd,Pitcairn Islands,Silver,2022-03-06
P00893,Brent Brown,Cyprus,Silver,2020-09-21
P00894,Joseph Robinson MD,Netherlands Antilles,Gold,2022-12-21
P00895,Gabriela Marsh,Bangladesh,Silver,2023-06-25
P00896,Lori Soto,Haiti,Silver,2023-07-11
P00897,Larry Hawkins,Costa Rica,Silver,2020-10-08
P00898,Richard Reynolds,Congo,Silver,2021-07-21
P00899,Stephanie Bishop,Russian Federation,Gold,2022-02-25
P00900,Emily Collins,Bahrain,Silver,2020-11-28
P00901,Becky George,Swaziland,Silver,2023-10-19
P00902,Scott Branch,Kyrgyz Republic,Silver,2023-02-07
P00903,Susan Lopez,Cambodia,Silver,2019-04-04
P00904,James Hale MD,Dominica,Silver,2019-04-22
P00905,Angela Mcpherson,Costa Rica,Silver,2020-03-27
P00906,Linda Smith,Saint Kitts and Nevis,Silver,2021-06-08
P00907,Lisa Brooks,Pitcairn Islands,Silver,2022-02-27
P00908,Brooke Ford,Belize,Platinum,2022-02-15
P00909,Mr. Roger Snyder,Thailand,Gold,2019-02-01
P00910,Carrie Terry,Denmark,Gold,2020-12-03
P00911,Sara Lawson,Hong Kong,Silver,2019-03-20
P00912,John Davis III,Sao Tome and Principe,Gold,2023-12-02
P00913,Mrs. Wendy Butler,Australia,Gold,2024-04-04
P00914,Paula Phillips,United Kingdom,Silver,2023-03-03
P00915,Joseph Turner,Palau,Silver,2018-07-11
P00916,Steven Kelly,Antarctica (the territory South of 60 deg S),Silver,2020-04-15
P00917,Kathleen Long,Niue,Silver,2019-04-26
P00918,Penny Castro,Bosnia and Herzegovina,Silver,2019-05-11
P00919,John Tanner,Bhutan,Silver,2023-05-24
P00920,Katherine Roberts,Bangladesh,Silver,2023-02-13
P00921,Tammy Scott,Mali,Silver,2024-09-15
P00922,Amy Johnson,Hong Kong,Silver,2020-02-22
P00923,Linda Greer,Luxembourg,Gold,2024-11-26
P00924,Olivia Walker,Chile,Platinum,2023-03-02
P00925,James Johnson,Nigeria,Gold,2023-01-05
P00926,Amber Lee,Aruba,Silver,2021-04-07
P00927,Cassandra Davies,Uganda,Gold,2020-06-20
P00928,Erica Garner,Benin,Silver,2018-02-22
P00929,Ana Mcintosh,Cambodia,Silver,2024-04-26
P00930,Carrie Tucker,Guatemala,Silver,2023-09-15
P00931,Misty Jones,Mali,Gold,2020-08-08
P00932,Jessica Payne,Ecuador,Gold,2024-12-02
P00933,Paul Edwards,Zambia,Silver,2019-02-05
P00934,Victor Goodman,Taiwan,Silver,2021-11-20
P00935,Sharon Mcdowell,New Caledonia,Gold,2018-06-22
P00936,Spencer Norman,Ethiopia,Gold,2019-10-12
P00937,Cynthia Gibson,Sri Lanka,Gold,2024-01-02
P00938,Gabriella Donovan,Sudan,Gold,2021-10-16
P00939,Miguel Pruitt,United States Minor Outlying Islands,Silver,2018-02-03
P00940,Rhonda Watson,North Macedonia,Silver,2023-02-24
P00941,Sherri Duncan,Aruba,Silver,2021-07-16
P00942,Alex Wood,Saudi Arabia,Silver,2019-06-14
P00943,Joel Roberts,Burundi,Silver,2020-11-14
P00944,Charles Taylor,Taiwan,Silver,2021-09-09
P00945,Heather Carr,Equatorial Guinea,Silver,2019-01-25
P00946,Carrie Ramos,Iran,Gold,2020-05-24
P00947,Blake Collins,Puerto Rico,Platinum,2022-08-12
P00948,Eric Stuart,British Indian Ocean Territory (Chagos Archipelago),Silver,2021-04-20
P00949,Taylor Mayo,Sao Tome and Principe,Silver,2022-04-07
P00950,Mrs. Lisa Scott,Armenia,Silver,2021-06-26
P00951,Jill Hughes,Libyan Arab Jamahiriya,Silver,2021-05-19
P00952,Christopher Lewis,Mongolia,Gold,2023-06-17
P00953,Jason Vazquez,Micronesia,Silver,2021-04-27
P00954,Frank Coleman,Slovenia,Silver,2023-07-25
P00955,Kerry Sanchez,Bermuda,Silver,2022-04-17
P00956,Rebecca Smith,Australia,Silver,2021-11-15
P00957,Ryan Hawkins,United Arab Emirates,Silver,2019-08-05
P00958,Maria Black,Costa Rica,Silver,2024-10-24
P00959,David Phillips,Guadeloupe,Platinum,2022-07-10
P00960,Antonio Johnson,Lao People's Democratic Republic,Gold,2022-05-13
P00961,Elizabeth Norman,Swaziland,Gold,2019-02-12
P00962,Michael Barker,Kiribati,Silver,2024-01-16
P00963,Samantha Martin,Ecuador,Silver,2020-04-09
P00964,David Smith,Netherlands Antilles,Silver,2024-08-25
P00965,Alejandro Jimenez,Nepal,Silver,2022-11-13
P00966,Joshua Lee PhD,Egypt,Silver,2018-02-27
P00967,Victoria Phillips,Togo,Silver,2021-07-24
P00968,Christopher Schneider,Northern Mariana Islands,Silver,2018-09-20
P00969,Elizabeth Edwards,Uganda,Silver,2023-09-15
P00970,Shane Velasquez,Guinea,Silver,2020-02-06
P00971,Heather Becker,Congo,Silver,2019-03-27
P00972,Thomas Wallace,Burundi,Silver,2019-10-21
P00973,Barbara Alexander,Ethiopia,Silver,2022-04-04
P00974,Deborah Mueller,Tokelau,Platinum,2018-05-15
P00975,Caroline Baker,Wallis and Futuna,Silver,2023-03-22
P00976,Logan West,Bermuda,Silver,2022-03-27
P00977,Charles Clark,Lebanon,Silver,2018-11-04
P00978,Shannon Chapman,Philippines,Silver,2024-10-08
P00979,David Conway,Armenia,Silver,2020-09-05
P00980,Danielle Adkins,Australia,Gold,2023-03-24
P00981,Deanna Walter,Belarus,Gold,2024-02-20
P00982,John Roberts,Egypt,Silver,2018-09-24
P00983,Derek Bradley,Kiribati,Silver,2021-04-22
P00984,Nicole Barrett,Malaysia,Silver,2019-11-09
P00985,Amanda Benson,Grenada,Silver,2023-12-09
P00986,Vickie Gonzalez,Iran,Silver,2019-12-06
P00987,Richard Thompson,Burundi,Silver,2022-04-27
P00988,Timothy Lozano,Uganda,Gold,2020-11-18
P00989,Patricia Wallace,Comoros,Silver,2021-05-27
P00990,Barbara Wallace,Tajikistan,Silver,2022-06-08
P00991,Tyler Howard,Niue,Silver,2021-09-25
P00992,Jessica Garcia,Philippines,Gold,2019-12-26
P00993,Curtis Murray,Gambia,Gold,2024-03-12
P00994,David Jones,Burkina Faso,Silver,2024-11-13
P00995,Susan Prince,United States Minor Outlying Islands,Gold,2020-09-09
P00996,Todd Johnson,Thailand,Silver,2020-07-15
P00997,Wendy Rogers,Guadeloupe,Gold,2022-12-14
P00998,Anthony Duncan,Cayman Islands,Gold,2019-02-06
P00999,Jasmine Casey,Trinidad and Tobago,Gold,2018-06-16
P01000,Cynthia Jimenez,Svalbard & Jan Mayen Islands,Silver,2018-10-24
P01001,Wayne Munoz,Cuba,Silver,2019-05-12
P01002,Jack Williams,Svalbard & Jan Mayen Islands,Silver,2023-05-22
P01003,Tammy Gonzalez,Ghana,Platinum,2023-12-14
P01004,Julie Williams,Guam,Silver,2020-08-19
P01005,Angela Mcconnell,Liberia,Gold,2022-06-05
P01006,Amy Mccormick,Senegal,Silver,2024-02-10
P01007,Kristina Small,Romania,Silver,2024-03-19
P01008,Dylan Hayes,Guadeloupe,Silver,2020-07-08
P01009,Miss Maria Smith MD,Canada,Silver,2023-11-09
P01010,Stacey Brown,Austria,Gold,2018-04-24
P01011,Mary Lambert DDS,Germany,Gold,2024-12-24
P01012,Ashley Benton,Moldova,Silver,2021-01-17
P01013,Brandon Thompson Jr.,Colombia,Silver,2019-02-13
P01014,Heather Mccarthy,Poland,Silver,2018-09-22
P01015,Lori Pearson,Malawi,Silver,2019-11-24
P01016,Joshua Bell,Haiti,Silver,2019-10-07
P01017,John Yu,Pitcairn Islands,Gold,2023-03-12
P01018,Todd Hines,Tonga,Gold,2019-01-02
P01019,Christopher Lewis,Madagascar,Silver,2021-06-11
P01020,Dustin Thomas,Anguilla,Silver,2022-01-13
P01021,Maria Chavez,Botswana,Silver,2022-04-09
P01022,Amber Molina,Cape Verde,Gold,2018-10-22
P01023,Morgan Collins,Netherlands Antilles,Silver,2021-02-01
P01024,Robert Manning,Slovenia,Silver,2021-10-17
P01025,Michael Reed,Tanzania,Platinum,2022-06-03
P01026,Kenneth Smith,Azerbaijan,Gold,2021-07-03
P01027,Deborah Fleming,Germany,Silver,2019-06-13
P01028,George Li,Bahrain,Gold,2022-11-26
P01029,Robert Jennings,Korea,Platinum,2020-09-01
P01030,Eric James,Egypt,Silver,2024-01-04
P01031,Michael Krueger,Palestinian Territory,Silver,2019-10-22
P01032,Amy Silva,Greenland,Silver,2022-03-22
P01033,Anthony Jimenez,Mayotte,Gold,2020-06-07
P01034,Jessica Hernandez,Ecuador,Silver,2018-06-03
P01035,Valerie Frey,Greece,Silver,2019-06-28
P01036,Valerie Kerr,Antigua and Barbuda,Silver,2024-10-27
P01037,Jasmine Boyd,New Caledonia,Silver,2018-07-22
P01038,Eduardo Moss,Venezuela,Silver,2019-11-28
P01039,Jorge Wall,El Salvador,Gold,2018-10-05
P01040,Brandon Brewer,Montserrat,Silver,2019-04-24
P01041,Walter Dennis,Kazakhstan,Silver,2023-03-11
P01042,Matthew Carey,Nauru,Gold,2020-02-10
P01043,Heather Campbell,Saint Lucia,Silver,2024-06-06
P01044,Eric Daniel,Namibia,Platinum,2019-01-05
P01045,Natalie Gibson,Moldova,Gold,2020-07-11
P01046,Sarah Martinez,Belize,Silver,2023-10-20
P01047,Tiffany Douglas,Australia,Silver,2024-12-08
P01048,Carol Hill,Central African Republic,Silver,2023-02-10
P01049,Kristen Kennedy,Cyprus,Silver,2023-07-15
P01050,Diane Espinoza,Chile,Gold,2024-04-22
P01051,Shelia Perez,Saint Helena,Gold,2023-06-06
P01052,Katie Ferrell,Slovenia,Silver,2020-08-18
P01053,Natasha Johnson,Myanmar,Gold,2019-07-25
P01054,Tanner Johnson,French Southern Territories,Silver,2023-03-26
P01055,Diane Gonzalez,Norway,Silver,2019-03-28
P01056,Sharon Bridges,Cuba,Silver,2019-03-28
P01057,Ashley Coleman,Greenland,Gold,2018-08-15
P01058,Suzanne Baker,Panama,Gold,2023-01-18
P01059,Ricky Bates,New Zealand,Silver,2021-04-13
P01060,Amy Parker,Turkmenistan,Gold,2024-10-06
P01061,Sydney Hicks,Sao Tome and Principe,Silver,2021-06-05
P01062,Jessica Black,Portugal,Silver,2022-11-26
P01063,Samantha Wilson,Montenegro,Gold,2018-08-06
P01064,William Castillo,Cyprus,Silver,2020-07-06
P01065,Vickie Baker,Bahrain,Silver,2021-08-07
P01066,Jeremy Peterson,British Indian Ocean Territory (Chagos Archipelago),Silver,2024-04-19
P01067,Lisa Barrett,Malawi,Silver,2018-07-28
P01068,Sheila Farmer,Jordan,Silver,2021-11-08
P01069,Jillian Perez,Burundi,Silver,2022-09-21
P01070,Elizabeth Daniels,Bosnia and Herzegovina,Gold,2022-08-12
P01071,Brittany Harris,India,Platinum,2018-07-23
P01072,Erik Le,Kiribati,Silver,2018-11-01
P01073,Maria Trujillo,Cuba,Silver,2021-09-25
P01074,Claudia Pierce,Rwanda,Silver,2023-01-19
P01075,Erik Woodward,Trinidad and Tobago,Silver,2018-08-22
P01076,Jeffrey Curtis,Saint Martin,Silver,2022-10-04
P01077,Cheryl Richard,Myanmar,Silver,2022-04-02
P01078,Joshua Jones,Reunion,Silver,2019-04-11
P01079,Victor Smith,Barbados,Platinum,2023-01-27
P01080,Collin Spence DDS,Angola,Silver,2024-09-04
P01081,Lori Rosales,Spain,Silver,2021-08-08
P01082,Casey Baker,Brazil,Silver,2023-11-08
P01083,Kenneth Castillo,Niger,Silver,2018-02-12
P01084,Deborah Reynolds,Guadeloupe,Silver,2022-01-19
P01085,Anthony Williams Jr.,Maldives,Silver,2024-06-10
P01086,Mr. Todd Richardson,Slovakia (Slovak Republic),Silver,2022-12-05
P01087,Denise Bush,Finland,Silver,2021-06-05
P01088,Amber Harper,Hungary,Silver,2020-04-07
P01089,Morgan Buck,Czech Republic,Gold,2021-05-25
P01090,Corey Thompson,Congo,Silver,2023-02-08
P01091,Howard Powell,France,Silver,2023-04-16
P01092,Victoria Boyd,Austria,Silver,2020-11-26
P01093,Teresa Kelly,South Africa,Gold,2021-05-14
P01094,Shelby Sparks,Poland,Gold,2020-06-21
P01095,Justin Travis,Botswana,Gold,2018-10-08
P01096,Pamela Henderson,Hong Kong,Silver,2018-01-17
P01097,Robert Johnson,Montserrat,Gold,2024-02-02
P01098,Stephen Cruz,South Georgia and the South Sandwich Islands,Silver,2022-01-14
P01099,Melissa Russell,Iran,Platinum,2019-04-09
P01100,Austin Fuentes,Falkland Islands (Malvinas),Gold,2022-10-06
P01101,Kimberly Perkins,Spain,Silver,2023-02-17
P01102,Amanda Wilson,Bhutan,Silver,2022-04-06
P01103,Jennifer Harris,El Salvador,Silver,2020-06-18
P01104,Karen Morris,Saint Martin,Silver,2020-02-16
P01105,Ethan Reid,Turkmenistan,Silver,2019-03-16
P01106,Kenneth Thomas,Bahrain,Silver,2023-12-07
P01107,Robert Blackwell,Montenegro,Gold,2021-12-22
P01108,Rachel Thomas,Marshall Islands,Silver,2024-03-27
P01109,Daniel James,Chile,Silver,2022-03-22
P01110,Jodi Smith,Togo,Silver,2020-05-25
P01111,Amanda Alvarez,Antigua and Barbuda,Platinum,2022-07-24
P01112,Adam Kennedy,Cyprus,Silver,2019-01-19
P01113,Robert Huerta,Guinea-Bissau,Silver,2018-12-26
P01114,Melissa Nicholson,Guam,Silver,2022-12-03
P01115,Stephen Hampton,Belize,Silver,2022-05-04
P01116,Amy Keller,Heard Island and McDonald Islands,Silver,2022-10-18
P01117,Lisa Webster,United Kingdom,Silver,2018-09-21
P01118,Natalie Mooney,Nigeria,Silver,2024-09-21
P01119,Brittany Martin,Micronesia,Silver,2018-08-10
P01120,Michele King,Tajikistan,Silver,2018-07-12
P01121,Aaron Lewis,Turkey,Silver,2018-10-12
P01122,Joseph Boyer,Afghanistan,Gold,2024-05-06
P01123,Catherine Hernandez,Suriname,Silver,2023-05-02
P01124,Mrs. Lisa Diaz DVM,Benin,Gold,2019-09-28
P01125,Courtney Walker,Sri Lanka,Silver,2018-06-27
P01126,Eric Roberson,Bolivia,Silver,2024-03-15
P01127,David Rivera,Central African Republic,Silver,2023-12-12
P01128,Ashley Valentine,Montserrat,Silver,2021-07-28
P01129,Rachel Craig,Bosnia and Herzegovina,Silver,2024-11-04
P01130,Olivia Glass,China,Gold,2022-05-12
P01131,Cory Pena,Saint Vincent and the Grenadines,Gold,2020-05-05
P01132,Juan Smith,Cameroon,Silver,2018-04-06
P01133,Christine Collins,Serbia,Gold,2021-05-18
P01134,Susan Mills,Uruguay,Silver,2023-11-16
P01135,Jesse Kaiser,Isle of Man,Silver,2021-10-11
P01136,Sonya Hogan,Lao People's Democratic Republic,Silver,2018-12-21
P01137,Kayla Stanley,Ukraine,Silver,2024-01-05
P01138,Krystal Perez,Togo,Silver,2023-02-27
P01139,James Butler Jr.,Belgium,Silver,2019-09-06
P01140,Cynthia Johnson,Denmark,Silver,2020-08-08
P01141,Timothy Stephens,Pakistan,Silver,2021-09-10
P01142,Sergio Brown,Rwanda,Gold,2021-02-17
P01143,Henry Powell,Ethiopia,Platinum,2021-12-23
P01144,Tricia Liu,Oman,Silver,2024-06-04
P01145,James Petersen,French Guiana,Gold,2022-12-20
P01146,Nicole Little,Niger,Silver,2019-10-10
P01147,Roy Jones,Afghanistan,Silver,2020-12-07
P01148,Anthony Wright,Sri Lanka,Platinum,2019-11-04
P01149,David Gardner,Hungary,Gold,2023-08-17
P01150,Sara English,Iraq,Silver,2021-08-04
P01151,Bryan Scott,Palau,Gold,2020-10-11
P01152,John Cunningham,Central African Republic,Silver,2021-10-06
P01153,Sarah Montes,Suriname,Silver,2021-08-28
P01154,Matthew Montoya,Lithuania,Silver,2019-06-05
P01155,Paul Martin,Saint Barthelemy,Silver,2018-07-21
P01156,Christopher Ramirez,Iraq,Gold,2018-08-10
P01157,Michael Snow,Venezuela,Silver,2018-10-28
P01158,Richard Bowman,Uruguay,Gold,2023-12-11
P01159,Matthew Murphy,Cyprus,Silver,2023-12-02
P01160,Hailey Clements,Algeria,Silver,2019-09-08
P01161,Monique Powell,Iran,Silver,2023-02-08
P01162,Linda Lee,Haiti,Gold,2020-02-02
P01163,Roy Santiago,Christmas Island,Silver,2020-08-20
P01164,Max Carroll,Bulgaria,Gold,2018-01-06
P01165,Edgar Cox,Vanuatu,Platinum,2019-08-27
P01166,Brenda Brown,Georgia,Platinum,2019-05-25
P01167,Nancy Schneider,Heard Island and McDonald Islands,Silver,2020-01-07
P01168,Haley Welch,Iraq,Silver,2023-05-23
P01169,Cassandra Martinez,Japan,Silver,2021-02-12
P01170,Regina Osborne,Guyana,Gold,2018-04-25
P01171,David Henderson,Grenada,Gold,2019-11-19
P01172,Brandy Taylor,Mozambique,Silver,2018-08-17
P01173,Kimberly Martinez,Argentina,Silver,2019-10-24
P01174,Justin Bell,Kyrgyz Republic,Silver,2020-12-04
P01175,Jonathan Noble,Singapore,Silver,2024-05-05
P01176,Christopher Peterson,Guinea-Bissau,Silver,2024-07-10
P01177,Ryan Bullock,British Virgin Islands,Silver,2019-04-26
P01178,Richard Meadows,Saint Martin,Silver,2021-04-19
P01179,Laura Guerrero,Angola,Silver,2022-02-20
P01180,Samantha Gilbert,Monaco,Gold,2018-07-03
P01181,Shawn Woods,Afghanistan,Gold,2023-10-20
P01182,Cole Parsons,Korea,Silver,2022-11-24
P01183,Thomas Elliott,Ireland,Gold,2024-11-12
P01184,Tyler Kramer,British Indian Ocean Territory (Chagos Archipelago),Silver,2019-12-13
P01185,John Turner,Kuwait,Silver,2023-02-03
P01186,Robert Conley,Saint Vincent and the Grenadines,Silver,2022-12-02
P01187,Kathleen Anderson,Portugal,Silver,2022-04-11
P01188,Courtney Perez,Pakistan,Gold,2022-02-22
P01189,Catherine Crawford,Greece,Silver,2022-12-14
P01190,Michelle Mendoza,Latvia,Silver,2024-04-22
P01191,Carol Robertson MD,Samoa,Gold,2024-11-07
P01192,Lisa Moore,China,Platinum,2024-05-23
P01193,Maria Miller,Belgium,Gold,2018-06-18
P01194,Jacqueline Woods,France,Silver,2021-12-24
P01195,Laura Kennedy,Netherlands,Silver,2019-03-22
P01196,Maria Smith,Tunisia,Silver,2024-08-12
P01197,Richard Garcia,Estonia,Silver,2018-12-26
P01198,Robert Glover,Argentina,Gold,2021-04-16
P01199,Mr. Kevin Archer,Holy See (Vatican City State),Silver,2023-07-09
P01200,Kristy Bates,China,Silver,2020-07-02
P01201,Judy Stein,Tonga,Silver,2022-07-10
P01202,Michael Aguilar,Saint Helena,Silver,2021-09-23
P01203,Hannah Price,Australia,Silver,2024-07-09
P01204,James Sanford,South Africa,Silver,2019-06-14
P01205,Julie Navarro,Lesotho,Silver,2022-10-24
P01206,Theresa Kennedy,Marshall Islands,Silver,2019-05-15
P01207,Emily Murillo,Burkina Faso,Gold,2021-09-06
P01208,Renee Mcdonald,Switzerland,Silver,2022-08-17
P01209,Jason Johnson,Monaco,Silver,2019-04-09
P01210,Megan Fields,Mauritius,Gold,2022-11-18
P01211,Judith Rowe,Swaziland,Silver,2021-09-18
P01212,Sharon Mason,Saint Kitts and Nevis,Platinum,2022-04-10
P01213,Jamie Sparks,Burkina Faso,Silver,2020-02-08
P01214,Keith Paul,Cambodia,Silver,2020-01-12
P01215,Edward Roman,Jersey,Silver,2020-01-13
P01216,Karen Rojas,Hungary,Gold,2024-08-02
P01217,Adam Mosley,Niue,Silver,2024-11-22
P01218,Michael Vaughn,British Indian Ocean Territory (Chagos Archipelago),Silver,2024-08-10
P01219,Kyle Melendez,Bahamas,Silver,2020-09-10
P01220,Richard Lee,United Kingdom,Silver,2018-09-15
P01221,Stephanie Castaneda,Hungary,Silver,2020-09-20
P01222,William Bell,American Samoa,Silver,2024-07-10
P01223,Lindsey Howell,Togo,Silver,2019-08-01
P01224,Michael Johnson,Faroe Islands,Silver,2019-02-02
P01225,Paula Farrell,Chile,Gold,2020-07-06
P01226,Michele Gates,Palau,Gold,2024-01-03
P01227,Lisa Li,Guinea,Silver,2023-06-11
P01228,Natalie Patton,Guadeloupe,Silver,2018-07-19
P01229,Emily Conner,Congo,Gold,2022-03-14
P01230,Renee Lopez,Mauritius,Gold,2020-05-26
P01231,Matthew Nash,Samoa,Platinum,2022-10-02
P01232,Aaron Martin,Barbados,Gold,2021-10-01
P01233,Shannon Bender,Yemen,Silver,2021-02-19
P01234,Cheryl Rivera,Botswana,Gold,2018-04-24
P01235,Christina Moreno,Honduras,Silver,2020-08-25
P01236,Ashley Christensen,Ecuador,Gold,2018-01-23
P01237,Erica Porter,Sudan,Silver,2021-01-18
P01238,Jeffrey Johnson,Egypt,Silver,2022-08-16
P01239,Jordan Wade,Ukraine,Gold,2023-01-14
P01240,Paul Arnold,Guatemala,Silver,2019-11-24
P01241,Cristian Davis,Seychelles,Platinum,2024-03-17
P01242,Gabrielle Morrison,Nicaragua,Silver,2023-06-07
P01243,Regina Marshall,Czech Republic,Silver,2021-07-10
P01244,Alexander Lin,Mauritius,Silver,2022-05-02
P01245,James Henry,Kenya,Silver,2024-07-04
P01246,Christine Harris,Namibia,Silver,2022-12-06
P01247,Christopher Brewer,Brazil,Gold,2019-12-15
P01248,Cynthia Scott,Myanmar,Silver,2023-02-10
P01249,Thomas Odom,Cook Islands,Platinum,2018-08-19
P01250,Linda Riggs,Cook Islands,Silver,2022-08-22
P01251,Mikayla Wall,Cote d'Ivoire,Silver,2023-02-19
P01252,Chelsey Lopez,Saint Pierre and Miquelon,Silver,2018-04-11
P01253,Mark Leon,Myanmar,Gold,2018-01-27
P01254,Christina Gibson,Afghanistan,Silver,2019-02-22
P01255,Dana Alvarez,United Kingdom,Silver,2024-05-17
P01256,Jessica Graham,Bosnia and Herzegovina,Gold,2024-12-10
P01257,Carla Joseph,Peru,Silver,2018-03-15
P01258,Richard Coleman,Kenya,Silver,2023-04-22
P01259,Vincent Cole,Paraguay,Silver,2024-11-14
P01260,Brooke Roberts,Zimbabwe,Gold,2019-03-19
P01261,Mr. Christopher Sanders,Norway,Silver,2018-10-17
P01262,Kimberly Doyle,Sierra Leone,Silver,2021-02-01
P01263,Christopher May,Yemen,Gold,2021-01-20
P01264,Pamela Hubbard,Bolivia,Silver,2023-09-23
P01265,James Dunn,United States Virgin Islands,Silver,2018-12-24
P01266,Theresa Wilson,Saint Martin,Silver,2024-05-23
P01267,Paul Aguirre,Botswana,Silver,2022-12-22
P01268,Colleen Young,Trinidad and Tobago,Platinum,2020-02-20
P01269,Ronald Roberts,Marshall Islands,Gold,2021-04-14
P01270,Peter Wilson,Gabon,Silver,2024-01-24
P01271,Lisa Thomas DDS,Pakistan,Silver,2022-01-03
P01272,Christopher Martinez,United States Virgin Islands,Gold,2021-10-13
P01273,Ashley Potts,Kuwait,Silver,2023-05-12
P01274,Stephen Boyd,Isle of Man,Silver,2024-04-08
P01275,Eric Smith,Russian Federation,Gold,2024-04-23
P01276,Lori Parker,Switzerland,Silver,2018-06-02
P01277,Tracy Brown,Iraq,Silver,2021-03-06
P01278,John Banks,Poland,Silver,2024-11-08
P01279,Andrew Warren,Azerbaijan,Silver,2021-01-16
P01280,William Molina,Bouvet Island (Bouvetoya),Gold,2022-08-23
P01281,Robin Morris,Central African Republic,Platinum,2024-03-03
P01282,Annette Mason,Bermuda,Gold,2020-05-21
P01283,Taylor Watson,Spain,Silver,2019-12-06
P01284,James Dennis,South Georgia and the South Sandwich Islands,Gold,2024-08-26
P01285,Melissa Duffy,Greenland,Silver,2020-09-16
P01286,Mrs. Alyssa Mccoy,Eritrea,Gold,2022-11-10
P01287,Eric Hall,Paraguay,Silver,2019-10-10
P01288,Jessica Moore,Serbia,Silver,2022-09-15
P01289,Brandon Johnson,Kiribati,Silver,2022-02-27
P01290,Richard Preston,Kazakhstan,Silver,2024-07-26
P01291,Jonathan Hunter,Pitcairn Islands,Gold,2021-10-25
P01292,Dawn Simpson,Bulgaria,Platinum,2019-05-03
P01293,Donna Parsons,Antigua and Barbuda,Gold,2022-03-09
P01294,Mary Lopez,Mauritania,Platinum,2021-06-05
P01295,Katherine Wright,Lithuania,Silver,2021-03-07
P01296,Phillip Ford,Nigeria,Gold,2024-08-10
P01297,Mark Hernandez,Heard Island and McDonald Islands,Silver,2021-03-04
P01298,Megan Lloyd,Micronesia,Silver,2019-05-01
P01299,Richard Maxwell,Bouvet Island (Bouvetoya),Silver,2022-06-26
P01300,Charles Ray,New Caledonia,Silver,2023-02-04
P01301,Cody Johnson,Saint Martin,Gold,2024-11-05
P01302,Gregory Spencer,Nigeria,Silver,2019-05-03
P01303,Christian Jordan,Svalbard & Jan Mayen Islands,Gold,2024-08-10
P01304,Luis Wiley,Nauru,Silver,2023-10-16
P01305,Frederick Johnson,Samoa,Silver,2021-06-22
P01306,Shelly Rojas MD,Taiwan,Silver,2023-05-25
P01307,Vanessa Ortiz,Austria,Silver,2019-05-09
P01308,Shawn Banks,Moldova,Silver,2024-06-27
P01309,Aaron Curtis,Niger,Silver,2020-03-19
P01310,Mark Phillips,Heard Island and McDonald Islands,Gold,2019-06-15
P01311,Tara Williams,Congo,Silver,2024-06-10
P01312,Samuel Hill,Holy See (Vatican City State),Silver,2021-02-07
P01313,Brianna Taylor,Costa Rica,Silver,2018-11-18
P01314,Amanda Frederick,Germany,Silver,2019-02-16
P01315,Katrina Martinez,Myanmar,Gold,2018-12-04
P01316,Ivan Parsons,Samoa,Silver,2018-09-19
P01317,Sandra Gonzales,Anguilla,Gold,2018-07-25
P01318,Kathy Scott,Guernsey,Gold,2023-12-03
P01319,Jerome Martinez,New Caledonia,Silver,2023-11-28
P01320,Elizabeth Chang,Lao People's Democratic Republic,Silver,2021-08-17
P01321,Chris Mccarthy,Dominican Republic,Silver,2022-06-28
P01322,Jerry Hayes,Swaziland,Gold,2018-04-07
P01323,Tamara Scott,Micronesia,Silver,2024-03-10
P01324,Madeline Branch,Lao People's Democratic Republic,Silver,2024-07-05
P01325,Whitney Mitchell,Guam,Silver,2018-08-28
P01326,Kelly Bender,Heard Island and McDonald Islands,Gold,2023-03-22
P01327,Victor Martinez,Reunion,Gold,2019-05-27
P01328,Jacob Kelley,China,Gold,2020-01-06
P01329,Rebecca Palmer,Peru,Platinum,2022-06-21
P01330,David Guzman,Guatemala,Silver,2020-03-01
P01331,Michael Peters,France,Silver,2020-03-20
P01332,Jean Dawson,Sudan,Gold,2019-03-25
P01333,Charlene Green,Antarctica (the territory South of 60 deg S),Platinum,2023-02-04
P01334,Christina Roy,Lesotho,Silver,2019-04-08
P01335,Zachary Garcia,Vietnam,Silver,2024-05-11
P01336,James Baker,Mauritania,Gold,2023-11-20
P01337,Brenda Gonzalez,Slovakia (Slovak Republic),Gold,2022-11-06
P01338,Vincent White DDS,Cayman Islands,Silver,2022-10-18
P01339,Amber Meyer,Greenland,Silver,2022-11-16
P01340,Christine Blankenship,Azerbaijan,Silver,2018-04-21
P01341,Nicholas Morgan,Turkmenistan,Silver,2021-09-09
P01342,Beth Brown,Cape Verde,Gold,2022-04-04
P01343,Richard Wilson,Thailand,Gold,2024-07-27
P01344,Darryl Long,South Africa,Gold,2023-11-16
P01345,Tracy Pena,Central African Republic,Silver,2021-07-09
P01346,Dawn Gray,French Southern Territories,Silver,2019-11-23
P01347,Jeffrey Atkins,Northern Mariana Islands,Silver,2019-11-10
P01348,Bruce Mullins,Israel,Silver,2020-06-12
P01349,Michael Hoffman,Colombia,Silver,2021-06-19
P01350,Deborah Jarvis,Isle of Man,Silver,2020-11-02
P01351,Jennifer Williams,Mexico,Silver,2023-12-08
P01352,Jack Roach,Qatar,Gold,2020-04-08
P01353,Joanna Gonzalez,Vietnam,Gold,2020-01-13
P01354,Rachel Orozco,Saint Barthelemy,Gold,2020-01-08
P01355,Xavier Bishop,Lithuania,Gold,2020-02-05
P01356,Rachel Evans,Turks and Caicos Islands,Silver,2024-07-06
P01357,Paul Young,Congo,Gold,2018-11-19
P01358,Anna Henry,Nicaragua,Silver,2018-09-04
P01359,Brendan Abbott,Jersey,Silver,2018-08-09
P01360,Taylor Weeks,Nigeria,Silver,2019-08-22
P01361,Brittney Cisneros,Nauru,Gold,2020-09-09
P01362,Robert Brady,British Virgin Islands,Silver,2022-08-24
P01363,Amy Hawkins,Svalbard & Jan Mayen Islands,Silver,2021-04-20
P01364,Steven Torres,Congo,Silver,2018-10-22
P01365,Rodney Heath,Japan,Gold,2020-09-27
P01366,Matthew Armstrong,Japan,Silver,2021-03-09
P01367,Ronald Dominguez,Pitcairn Islands,Silver,2022-03-24
P01368,Brittany Diaz,Austria,Silver,2023-05-07
P01369,Nicole Hubbard,Ireland,Silver,2024-09-22
P01370,Kyle Mullins,Saudi Arabia,Silver,2020-04-27
P01371,Timothy Ward,Mexico,Gold,2024-08-03
P01372,Mary Mathis,Antarctica (the territory South of 60 deg S),Silver,2018-10-21
P01373,Kenneth Mccoy,Isle of Man,Silver,2022-02-11
P01374,Ashley Ellis,Seychelles,Silver,2019-01-16
P01375,Cheryl Nelson,Luxembourg,Silver,2021-09-11
P01376,Scott Ramirez,Taiwan,Silver,2021-05-09
P01377,Kristen Lowe,Congo,Silver,2022-12-22
P01378,Susan Brown,Holy See (Vatican City State),Platinum,2020-06-02
P01379,Roger Bass,Nepal,Silver,2019-06-10
P01380,Erika Smith,Nigeria,Silver,2024-04-25
P01381,Renee Huffman,Swaziland,Silver,2018-01-18
P01382,Samuel Johnston,South Georgia and the South Sandwich Islands,Silver,2018-01-02
P01383,Kristen Hendricks,Isle of Man,Silver,2022-10-23
P01384,Danny Jackson,Botswana,Platinum,2023-04-05
P01385,Thomas Ruiz,Spain,Silver,2020-03-01
P01386,Lisa Jackson,Cote d'Ivoire,Silver,2021-08-08
P01387,Kristin Evans,Indonesia,Gold,2023-04-09
P01388,Alexandria Williams,Greece,Gold,2023-05-28
P01389,Erik Johnson,Tanzania,Silver,2023-02-07
P01390,Susan Porter,United Kingdom,Silver,2019-11-25
P01391,Ashley May,Chile,Silver,2024-01-15
P01392,Frank Mccarthy,Norfolk Island,Gold,2019-10-08
P01393,David Washington,Luxembourg,Silver,2023-09-12
P01394,Jacob Gray,Central African Republic,Silver,2022-12-25
P01395,Margaret Smith,Latvia,Silver,2022-12-21
P01396,Austin Bush,Mexico,Silver,2022-06-05
P01397,Lawrence Rivera,Cote d'Ivoire,Gold,2024-12-16
P01398,Michael Oliver,Lao People's Democratic Republic,Silver,2020-10-12
P01399,Ronald Hendrix,Lebanon,Gold,2019-07-18
P01400,Robert Perez,Syrian Arab Republic,Silver,2020-08-03
P01401,Adam Cain,Sudan,Silver,2018-09-17
P01402,Vanessa Clay,Denmark,Silver,2022-05-10
P01403,Matthew Jones DVM,Micronesia,Platinum,2023-12-03
P01404,Colleen Clarke,Solomon Islands,Platinum,2023-01-28
P01405,Rachel Parsons,Belarus,Silver,2021-09-24
P01406,Adam Erickson,Iceland,Silver,2021-09-04
P01407,Dakota Morgan,Slovakia (Slovak Republic),Silver,2022-05-26
P01408,Mark Thomas,Dominican Republic,Gold,2022-01-09
P01409,Sabrina Kelley,Saint Martin,Gold,2024-07-05
P01410,Aaron Bond,Burundi,Gold,2024-02-12
P01411,Theresa Lewis,Egypt,Silver,2019-12-03
P01412,Nicole Russell,Jersey,Gold,2019-06-25
P01413,Beth Griffin,Poland,Silver,2019-09-25
P01414,Marc Shannon,Kenya,Silver,2020-10-20
P01415,Caitlin Brown,Anguilla,Silver,2020-07-09
P01416,Anthony Perez,Saint Lucia,Gold,2020-03-25
P01417,Julia Hunt,Saint Helena,Silver,2018-11-25
P01418,Melinda Kelly,Saint Pierre and Miquelon,Silver,2020-01-12
P01419,Shirley Ortega,Russian Federation,Silver,2020-02-11
P01420,Andrea Montgomery,France,Gold,2024-09-10
P01421,Michael Walters,Gibraltar,Gold,2018-04-16
P01422,Ronald Martin,Cocos (Keeling) Islands,Silver,2019-05-09
P01423,Ariel Johnson,Reunion,Platinum,2024-12-12
P01424,David Baird,Comoros,Gold,2019-09-20
P01425,Patricia Henderson,Central African Republic,Silver,2023-05-09
P01426,Bruce Williams,Iran,Platinum,2019-02-04
P01427,Jackie Chase,Turkmenistan,Gold,2024-02-19
P01428,Michael Chapman,Syrian Arab Republic,Silver,2019-04-01
P01429,Jonathan White,Zimbabwe,Gold,2024-08-20
P01430,Samantha Henderson,Bosnia and Herzegovina,Gold,2023-01-08
P01431,Laura Williams,Micronesia,Gold,2022-08-09
P01432,Erin Hicks,British Virgin Islands,Silver,2020-07-12
P01433,Gina Shea,Sao Tome and Principe,Gold,2020-09-21
P01434,Heidi Marshall,Seychelles,Silver,2024-07-06
P01435,Martha Villegas,French Guiana,Silver,2022-04-28
P01436,Benjamin Fox,Myanmar,Silver,2023-07-16
P01437,Joseph Thompson,Holy See (Vatican City State),Silver,2020-07-27
P01438,Ronald Garcia,Bahrain,Silver,2020-07-27
P01439,Austin Morrow,Belarus,Silver,2023-07-24
P01440,Anthony Wood,Belize,Gold,2018-09-23
P01441,Mr. William Reyes DDS,Suriname,Silver,2020-08-24
P01442,Andrea Finley,Niger,Gold,2023-11-21
P01443,Linda Stewart,Estonia,Silver,2024-09-24
P01444,Tracy Fry,New Zealand,Silver,2020-01-02
P01445,Pamela Castro,Namibia,Silver,2022-11-27
P01446,Lisa Miller,Madagascar,Silver,2022-10-13
P01447,Emily Martinez,Egypt,Gold,2022-08-14
P01448,Jay Alvarado,Netherlands,Silver,2019-12-24
P01449,Annette Johnston MD,Solomon Islands,Silver,2018-10-08
P01450,Kara Scott,Andorra,Gold,2024-11-03
P01451,Alexandra Hanson,Uruguay,Gold,2023-12-18
P01452,Jesse Lynn,Burkina Faso,Silver,2019-08-16
P01453,Jamie Flores,Tokelau,Silver,2018-10-18
P01454,Colleen Walsh,Ethiopia,Silver,2019-04-11
P01455,Henry King,Paraguay,Silver,2019-09-24
P01456,Daniel Johnson,Tokelau,Silver,2023-04-11
P01457,Jeremy Woods,Oman,Silver,2022-08-17
P01458,Melanie Bates,Reunion,Silver,2021-02-13
P01459,Emily Anderson,Kenya,Gold,2023-11-19
P01460,Juan Walsh,Grenada,Silver,2021-10-24
P01461,Ricardo Bailey,Marshall Islands,Silver,2021-11-07
P01462,Steven Smith,Kazakhstan,Platinum,2021-03-05
P01463,Michael Young,Germany,Gold,2024-03-01
P01464,Jordan Wall,Greenland,Silver,2023-03-19
P01465,Kenneth Peters,South Africa,Silver,2019-04-09
P01466,Edward Taylor,Canada,Silver,2021-02-25
P01467,Jamie Schneider,Czech Republic,Silver,2023-01-07
P01468,Darlene Williams,Christmas Island,Gold,2018-01-20
P01469,Theresa Morgan,Czech Republic,Silver,2022-05-06
P01470,Brian Kim,Monaco,Gold,2020-04-14
P01471,Dawn Barry,Dominican Republic,Silver,2024-07-08
P01472,Brian Kelly,Greenland,Silver,2018-03-18
P01473,Megan Aguirre,Somalia,Gold,2024-01-20
P01474,Patrick Bradley,Cameroon,Silver,2023-06-08
P01475,Evan Mitchell,Lesotho,Gold,2022-03-09
P01476,Amy Jacobs,Tanzania,Silver,2020-12-21
P01477,Martha Mills,Sao Tome and Principe,Silver,2022-06-04
P01478,Adam Mullins,United States Virgin Islands,Silver,2018-03-14
P01479,Mercedes Stephens,Denmark,Gold,2022-07-13
P01480,Jonathan Garcia,Malaysia,Gold,2020-11-25
P01481,Sandra Taylor,Honduras,Silver,2018-03-04
P01482,Jason Cox,Palestinian Territory,Silver,2023-04-16
P01483,Jessica Rosales,Denmark,Silver,2021-02-18
P01484,Michael Murphy,Turks and Caicos Islands,Silver,2022-02-03
P01485,Stephanie Hawkins,Cyprus,Gold,2019-05-19
P01486,Sarah Roth,Korea,Silver,2020-06-28
P01487,Kendra Morgan,Jersey,Silver,2019-10-05
P01488,Joshua Simon,Benin,Silver,2024-06-17
P01489,Samantha Chavez,Mayotte,Silver,2022-02-20
P01490,Dawn Medina,Sri Lanka,Silver,2024-05-25
P01491,Ashley Vargas,Pakistan,Gold,2018-11-17
P01492,Elizabeth Lewis,Angola,Silver,2018-11-10
P01493,Michael Reyes,Nauru,Gold,2018-01-08
P01494,Steven Howard,Saint Barthelemy,Gold,2024-07-21
P01495,Marie Miller,Guadeloupe,Gold,2024-06-21
P01496,Charles Cooper,Macao,Silver,2018-12-23
P01497,Justin Campbell,Fiji,Silver,2024-07-03
P01498,Cheryl Campbell,Sudan,Silver,2021-10-25
P01499,Alejandro Bernard,Austria,Silver,2018-09-17
P01500,Dr. Jennifer Thomas,Sao Tome and Principe,Silver,2024-09-10
